2026-03-04 16:41:24,751 [INFO] Activator:176 - 


2026-03-04 16:41:24,753 [INFO] Activator:177 - !SESSION log4j initialized
2026-03-04 16:41:26,994 [INFO] LogOutputStream:77 - [STDOUT_REDIRECT] 
2026-03-04 16:41:29,430 [INFO] ApplicationProperties:184 - Using Application install path: /opt/st/stm32cubeide_1.19.0/plugins/com.st.stm32cube.common.mx_6.15.0.202507011659
2026-03-04 16:41:29,451 [INFO] DbMcusXml:78 - Set database path to: /opt/st/stm32cubeide_1.19.0/plugins/com.st.stm32cube.common.mx_6.15.0.202507011659//db//mcu/
2026-03-04 16:41:29,451 [INFO] ApiDb:274 - Set plugin database path to: /opt/st/stm32cubeide_1.19.0/plugins/com.st.stm32cube.common.mx_6.15.0.202507011659//db//plugins/boardmanager/
2026-03-04 16:41:29,452 [WARN] ApiDb:259 - Overriding images path with different value:  => /opt/st/stm32cubeide_1.19.0/plugins/com.st.stm32cube.common.mx_6.15.0.202507011659//db//plugins/mcufinder/images/
2026-03-04 16:41:29,456 [INFO] ApiDb:250 - Set database path to: /home/inakigb/.stmcufinder/plugins/mcufinder//mcu/
2026-03-04 16:41:29,457 [INFO] DbMcusAds:125 - Set database path to: /home/inakigb/.stmcufinder/plugins/mcufinder//mcu/
2026-03-04 16:41:29,459 [INFO] CrossReferenceDbSqlite:203 - Set database path to: /home/inakigb/.stmcufinder/plugins/mcufinder//mcu/cs/
2026-03-04 16:41:29,584 [INFO] RulesReader:64 - Compatibility file has been processed (317 Rules)
2026-03-04 16:41:29,634 [INFO] DbMcusXml:78 - Set database path to: /opt/st/stm32cubeide_1.19.0/plugins/com.st.stm32cube.common.mx_6.15.0.202507011659//db//mcu/
2026-03-04 16:41:29,635 [INFO] ApiDb:274 - Set plugin database path to: /opt/st/stm32cubeide_1.19.0/plugins/com.st.stm32cube.common.mx_6.15.0.202507011659//db//plugins/boardmanager/
2026-03-04 16:41:29,635 [INFO] ApiDb:261 - Set plugin images path to: /opt/st/stm32cubeide_1.19.0/plugins/com.st.stm32cube.common.mx_6.15.0.202507011659//db//plugins/mcufinder/images/
2026-03-04 16:41:29,635 [WARN] DbFile:41 - Overriding database path with different value: /home/inakigb/.stmcufinder/plugins/mcufinder/ => /home/inakigb/.stmcufinder/plugins/mcufinder
2026-03-04 16:41:29,635 [INFO] ApiDb:250 - Set database path to: /home/inakigb/.stmcufinder/plugins/mcufinder//mcu/
2026-03-04 16:41:29,635 [WARN] DbFile:41 - Overriding database path with different value: /home/inakigb/.stmcufinder/plugins/mcufinder/ => /home/inakigb/.stmcufinder/plugins/mcufinder
2026-03-04 16:41:29,635 [INFO] DbMcusAds:125 - Set database path to: /home/inakigb/.stmcufinder/plugins/mcufinder//mcu/
2026-03-04 16:41:29,635 [WARN] DbFile:41 - Overriding database path with different value: /home/inakigb/.stmcufinder/plugins/mcufinder/ => /home/inakigb/.stmcufinder/plugins/mcufinder
2026-03-04 16:41:29,636 [WARN] DbFile:41 - Overriding database path with different value: /home/inakigb/.stmcufinder/plugins/mcufinder/ => /home/inakigb/.stmcufinder/plugins/mcufinder
2026-03-04 16:41:29,636 [INFO] CrossReferenceDbSqlite:203 - Set database path to: /home/inakigb/.stmcufinder/plugins/mcufinder//mcu/cs/
2026-03-04 16:41:29,697 [INFO] MainPanel:274 - HeapMemory: 268435456
2026-03-04 16:41:29,811 [INFO] DbMcusXml:78 - Set database path to: /opt/st/stm32cubeide_1.19.0/plugins/com.st.stm32cube.common.mx_6.15.0.202507011659//db//mcu/
2026-03-04 16:41:29,811 [INFO] ApiDb:274 - Set plugin database path to: /opt/st/stm32cubeide_1.19.0/plugins/com.st.stm32cube.common.mx_6.15.0.202507011659//db//plugins/boardmanager/
2026-03-04 16:41:29,811 [INFO] ApiDb:261 - Set plugin images path to: /opt/st/stm32cubeide_1.19.0/plugins/com.st.stm32cube.common.mx_6.15.0.202507011659//db//plugins/mcufinder/images/
2026-03-04 16:41:29,811 [WARN] DbFile:41 - Overriding database path with different value: /home/inakigb/.stmcufinder/plugins/mcufinder/ => /home/inakigb/.stmcufinder/plugins/mcufinder
2026-03-04 16:41:29,811 [INFO] ApiDb:250 - Set database path to: /home/inakigb/.stmcufinder/plugins/mcufinder//mcu/
2026-03-04 16:41:29,812 [WARN] DbFile:41 - Overriding database path with different value: /home/inakigb/.stmcufinder/plugins/mcufinder/ => /home/inakigb/.stmcufinder/plugins/mcufinder
2026-03-04 16:41:29,812 [INFO] DbMcusAds:125 - Set database path to: /home/inakigb/.stmcufinder/plugins/mcufinder//mcu/
2026-03-04 16:41:29,812 [WARN] DbFile:41 - Overriding database path with different value: /home/inakigb/.stmcufinder/plugins/mcufinder/ => /home/inakigb/.stmcufinder/plugins/mcufinder
2026-03-04 16:41:29,812 [WARN] DbFile:41 - Overriding database path with different value: /home/inakigb/.stmcufinder/plugins/mcufinder/ => /home/inakigb/.stmcufinder/plugins/mcufinder
2026-03-04 16:41:29,812 [INFO] CrossReferenceDbSqlite:203 - Set database path to: /home/inakigb/.stmcufinder/plugins/mcufinder//mcu/cs/
2026-03-04 16:41:29,828 [INFO] ApplicationProperties:184 - Using Application install path: /opt/st/stm32cubeide_1.19.0/plugins/com.st.stm32cube.common.mx_6.15.0.202507011659
2026-03-04 16:41:29,830 [INFO] PluginManage:196 - Search for loadable plugins [exclusion list=, ]
2026-03-04 16:41:29,831 [INFO] PluginManage:310 - Check plugin analytics
2026-03-04 16:41:30,008 [INFO] AnalyticsPlugin:253 - Accepted Software Licenses: 
2026-03-04 16:41:30,009 [INFO] AnalyticsPlugin:255 - Accepted CMSIS Pack Licenses: 
2026-03-04 16:41:30,009 [INFO] AnalyticsPlugin:257 - Accepted Firmware Licenses: 
2026-03-04 16:41:30,011 [INFO] PluginManage:359 - Loaded plugin analytics (category:tool,tabindex:-1)
2026-03-04 16:41:30,011 [INFO] PluginManage:310 - Check plugin cadmodel
2026-03-04 16:41:30,015 [INFO] CADModel:105 - Init CAD model plugin
2026-03-04 16:41:30,016 [INFO] PluginManage:359 - Loaded plugin cadmodel (category:power,tabindex:5)
2026-03-04 16:41:30,016 [INFO] PluginManage:310 - Check plugin clock
2026-03-04 16:41:30,028 [INFO] PluginManage:359 - Loaded plugin clock (category:base,tabindex:2)
2026-03-04 16:41:30,029 [INFO] PluginManage:310 - Check plugin ddr
2026-03-04 16:41:30,032 [INFO] PluginManage:359 - Loaded plugin ddr (category:tool,tabindex:6)
2026-03-04 16:41:30,032 [INFO] PluginManage:310 - Check plugin filemanager
2026-03-04 16:41:30,235 [INFO] PluginManage:359 - Loaded plugin filemanager (category:base,tabindex:10)
2026-03-04 16:41:30,235 [INFO] PluginManage:310 - Check plugin ipmanager
2026-03-04 16:41:30,244 [INFO] PluginManage:359 - Loaded plugin ipmanager (category:base,tabindex:5)
2026-03-04 16:41:30,244 [INFO] PluginManage:310 - Check plugin lpbam
2026-03-04 16:41:30,263 [INFO] PluginManage:359 - Loaded plugin lpbam (category:base,tabindex:0)
2026-03-04 16:41:30,264 [INFO] PluginManage:310 - Check plugin memorymap
2026-03-04 16:41:30,284 [INFO] PluginManage:359 - Loaded plugin memorymap (category:base,tabindex:4)
2026-03-04 16:41:30,285 [INFO] PluginManage:310 - Check plugin pinoutandconfiguration
2026-03-04 16:41:30,297 [INFO] PluginManage:359 - Loaded plugin pinoutandconfiguration (category:base,tabindex:1)
2026-03-04 16:41:30,297 [INFO] PluginManage:310 - Check plugin pinoutconfig
2026-03-04 16:41:30,416 [WARN] SupportedApi:132 - Cannot load RTOS API schema: s4s-elt-must-match.1: The content of 'definitions' must match (annotation?, (simpleType | complexType)?, (unique | key | keyref)*)). A problem was found starting at: attribute.
2026-03-04 16:41:30,549 [INFO] PluginManage:359 - Loaded plugin pinoutconfig (category:base,tabindex:0)
2026-03-04 16:41:30,549 [INFO] PluginManage:310 - Check plugin power
2026-03-04 16:41:30,556 [INFO] PluginManage:359 - Loaded plugin power (category:power,tabindex:4)
2026-03-04 16:41:30,556 [INFO] PluginManage:310 - Check plugin projectmanager
2026-03-04 16:41:30,579 [INFO] PluginManage:359 - Loaded plugin projectmanager (category:projectmanager,tabindex:4)
2026-03-04 16:41:30,579 [INFO] PluginManage:310 - Check plugin rif
2026-03-04 16:41:30,589 [INFO] PluginManage:359 - Loaded plugin rif (category:base,tabindex:3)
2026-03-04 16:41:30,589 [INFO] PluginManage:310 - Check plugin thirdparty
2026-03-04 16:41:30,751 [INFO] PluginManage:359 - Loaded plugin thirdparty (category:base,tabindex:-1)
2026-03-04 16:41:30,750 [WARN] IntegrityCheckThread:84 - waiting for thirdparty lock release [integrity check]
2026-03-04 16:41:30,751 [INFO] PluginManage:310 - Check plugin tools
2026-03-04 16:41:30,751 [INFO] IntegrityCheckThread:86 - entering critical section [integrity check]
2026-03-04 16:41:30,752 [INFO] ThirdPartyUpdaterWithRetryManager:70 - Updater plugin not ready yet. [1/15]
2026-03-04 16:41:30,754 [INFO] PluginManage:359 - Loaded plugin tools (category:base,tabindex:7)
2026-03-04 16:41:30,754 [INFO] PluginManage:310 - Check plugin tutovideos
2026-03-04 16:41:30,926 [INFO] PluginManage:359 - Loaded plugin tutovideos (category:base,tabindex:-1)
2026-03-04 16:41:30,926 [INFO] PluginManage:310 - Check plugin updater
2026-03-04 16:41:30,949 [INFO] PluginManage:359 - Loaded plugin updater (category:base,tabindex:12)
2026-03-04 16:41:30,949 [INFO] PluginManage:310 - Check plugin userauth
2026-03-04 16:41:30,953 [INFO] UserAuth:118 - Init User Auth plugin
2026-03-04 16:41:30,954 [INFO] PluginManage:359 - Loaded plugin userauth (category:base,tabindex:14)
2026-03-04 16:41:30,954 [INFO] PluginManage:283 - PluginManage : Loaded plugins [18]
2026-03-04 16:41:31,121 [INFO] PinOutPanel:1589 - setPackage(No Configuration,No Configuration)
2026-03-04 16:41:31,206 [INFO] CADModel:165 - CPN selected for project level
2026-03-04 16:41:31,206 [INFO] CADModel:114 - Register for checkConnection events
2026-03-04 16:41:31,219 [INFO] IPUIPlugin:80 - create IPUIPlugin
2026-03-04 16:41:31,219 [INFO] PluginManager:220 - loadIPPluginJar : add openamp
2026-03-04 16:41:31,226 [INFO] IPUIPlugin:80 - create IPUIPlugin
2026-03-04 16:41:31,227 [INFO] PluginManager:220 - loadIPPluginJar : add dma
2026-03-04 16:41:31,233 [INFO] IPUIPlugin:80 - create IPUIPlugin
2026-03-04 16:41:31,234 [INFO] PluginManager:220 - loadIPPluginJar : add cryp
2026-03-04 16:41:31,240 [INFO] IPUIPlugin:80 - create IPUIPlugin
2026-03-04 16:41:31,241 [INFO] PluginManager:220 - loadIPPluginJar : add freertos
2026-03-04 16:41:31,242 [INFO] IPUIPlugin:80 - create IPUIPlugin
2026-03-04 16:41:31,243 [INFO] PluginManager:220 - loadIPPluginJar : add ltdc
2026-03-04 16:41:31,244 [INFO] IPUIPlugin:80 - create IPUIPlugin
2026-03-04 16:41:31,244 [INFO] PluginManager:220 - loadIPPluginJar : add comp
2026-03-04 16:41:31,246 [INFO] IPUIPlugin:80 - create IPUIPlugin
2026-03-04 16:41:31,246 [INFO] PluginManager:220 - loadIPPluginJar : add fatfs
2026-03-04 16:41:31,247 [INFO] IPUIPlugin:80 - create IPUIPlugin
2026-03-04 16:41:31,248 [INFO] PluginManager:220 - loadIPPluginJar : add tsc
2026-03-04 16:41:31,250 [INFO] IPUIPlugin:80 - create IPUIPlugin
2026-03-04 16:41:31,251 [INFO] PluginManager:220 - loadIPPluginJar : add i3c
2026-03-04 16:41:31,253 [INFO] IPUIPlugin:80 - create IPUIPlugin
2026-03-04 16:41:31,253 [INFO] PluginManager:220 - loadIPPluginJar : add ipddr
2026-03-04 16:41:31,255 [INFO] IPUIPlugin:80 - create IPUIPlugin
2026-03-04 16:41:31,255 [INFO] PluginManager:220 - loadIPPluginJar : add extmemmanager
2026-03-04 16:41:31,257 [INFO] IPUIPlugin:80 - create IPUIPlugin
2026-03-04 16:41:31,257 [INFO] PluginManager:220 - loadIPPluginJar : add spi
2026-03-04 16:41:31,263 [INFO] IPUIPlugin:80 - create IPUIPlugin
2026-03-04 16:41:31,264 [INFO] PluginManager:220 - loadIPPluginJar : add linkedlist
2026-03-04 16:41:31,265 [INFO] IPUIPlugin:80 - create IPUIPlugin
2026-03-04 16:41:31,266 [INFO] PluginManager:220 - loadIPPluginJar : add can
2026-03-04 16:41:31,267 [INFO] IPUIPlugin:80 - create IPUIPlugin
2026-03-04 16:41:31,267 [INFO] PluginManager:220 - loadIPPluginJar : add i2c
2026-03-04 16:41:31,269 [INFO] IPUIPlugin:80 - create IPUIPlugin
2026-03-04 16:41:31,269 [INFO] PluginManager:220 - loadIPPluginJar : add ts
2026-03-04 16:41:31,272 [INFO] IPUIPlugin:80 - create IPUIPlugin
2026-03-04 16:41:31,272 [INFO] PluginManager:220 - loadIPPluginJar : add ddr_ctrl_phy
2026-03-04 16:41:31,273 [INFO] IPUIPlugin:80 - create IPUIPlugin
2026-03-04 16:41:31,274 [INFO] PluginManager:220 - loadIPPluginJar : add tim
2026-03-04 16:41:31,279 [INFO] IPUIPlugin:80 - create IPUIPlugin
2026-03-04 16:41:31,279 [INFO] PluginManager:220 - loadIPPluginJar : add resmgrutility
2026-03-04 16:41:31,286 [INFO] IPUIPlugin:80 - create IPUIPlugin
2026-03-04 16:41:31,289 [INFO] PluginManager:220 - loadIPPluginJar : add plateformsettings
2026-03-04 16:41:31,291 [INFO] IPUIPlugin:80 - create IPUIPlugin
2026-03-04 16:41:31,291 [INFO] PluginManager:220 - loadIPPluginJar : add genericplugin
2026-03-04 16:41:31,297 [INFO] IPUIPlugin:80 - create IPUIPlugin
2026-03-04 16:41:31,297 [INFO] PluginManager:220 - loadIPPluginJar : add fmc
2026-03-04 16:41:31,301 [INFO] IPUIPlugin:80 - create IPUIPlugin
2026-03-04 16:41:31,302 [INFO] PluginManager:220 - loadIPPluginJar : add usbx
2026-03-04 16:41:31,305 [INFO] IPUIPlugin:80 - create IPUIPlugin
2026-03-04 16:41:31,305 [INFO] PluginManager:220 - loadIPPluginJar : add sai
2026-03-04 16:41:31,308 [INFO] IPUIPlugin:80 - create IPUIPlugin
2026-03-04 16:41:31,309 [INFO] PluginManager:220 - loadIPPluginJar : add opamp
2026-03-04 16:41:31,314 [INFO] IPUIPlugin:80 - create IPUIPlugin
2026-03-04 16:41:31,314 [INFO] PluginManager:220 - loadIPPluginJar : add stm32_wpan
2026-03-04 16:41:31,316 [INFO] IPUIPlugin:80 - create IPUIPlugin
2026-03-04 16:41:31,316 [INFO] PluginManager:220 - loadIPPluginJar : add pdm2pcm
2026-03-04 16:41:31,318 [INFO] IPUIPlugin:80 - create IPUIPlugin
2026-03-04 16:41:31,318 [INFO] PluginManager:220 - loadIPPluginJar : add nvic
2026-03-04 16:41:31,320 [INFO] IPUIPlugin:80 - create IPUIPlugin
2026-03-04 16:41:31,320 [INFO] PluginManager:220 - loadIPPluginJar : add lorawan
2026-03-04 16:41:31,322 [INFO] IPUIPlugin:80 - create IPUIPlugin
2026-03-04 16:41:31,322 [INFO] PluginManager:220 - loadIPPluginJar : add gtzc
2026-03-04 16:41:31,323 [INFO] IPUIPlugin:80 - create IPUIPlugin
2026-03-04 16:41:31,323 [INFO] PluginManager:220 - loadIPPluginJar : add hash
2026-03-04 16:41:31,324 [INFO] IPUIPlugin:80 - create IPUIPlugin
2026-03-04 16:41:31,324 [INFO] PluginManager:220 - loadIPPluginJar : add gfxmmu
2026-03-04 16:41:31,329 [INFO] IPUIPlugin:80 - create IPUIPlugin
2026-03-04 16:41:31,329 [INFO] PluginManager:220 - loadIPPluginJar : add mdma
2026-03-04 16:41:31,332 [INFO] IPUIPlugin:80 - create IPUIPlugin
2026-03-04 16:41:31,332 [INFO] PluginManager:220 - loadIPPluginJar : add gpio
2026-03-04 16:41:31,333 [INFO] IPUIPlugin:80 - create IPUIPlugin
2026-03-04 16:41:31,333 [INFO] PluginManager:220 - loadIPPluginJar : add tracer_emb
2026-03-04 16:41:31,334 [INFO] IPUIPlugin:80 - create IPUIPlugin
2026-03-04 16:41:31,334 [INFO] PluginManager:220 - loadIPPluginJar : add ucpd
2026-03-04 16:41:31,335 [INFO] IPUIPlugin:80 - create IPUIPlugin
2026-03-04 16:41:31,336 [INFO] PluginManager:220 - loadIPPluginJar : add usart
2026-03-04 16:41:31,339 [INFO] IPUIPlugin:80 - create IPUIPlugin
2026-03-04 16:41:31,339 [INFO] PluginManager:220 - loadIPPluginJar : add gic
2026-03-04 16:41:31,340 [INFO] IPUIPlugin:80 - create IPUIPlugin
2026-03-04 16:41:31,340 [INFO] PluginManager:220 - loadIPPluginJar : add radio
2026-03-04 16:41:31,342 [INFO] IPUIPlugin:80 - create IPUIPlugin
2026-03-04 16:41:31,342 [INFO] PluginManager:220 - loadIPPluginJar : add aes
2026-03-04 16:41:31,343 [INFO] IPUIPlugin:80 - create IPUIPlugin
2026-03-04 16:41:31,343 [INFO] PluginManager:220 - loadIPPluginJar : add i2s
2026-03-04 16:41:31,345 [INFO] IPUIPlugin:80 - create IPUIPlugin
2026-03-04 16:41:31,345 [INFO] PluginManager:220 - loadIPPluginJar : add dfsdm
2026-03-04 16:41:31,347 [INFO] IPUIPlugin:80 - create IPUIPlugin
2026-03-04 16:41:31,347 [INFO] PluginManager:220 - loadIPPluginJar : add touchsensing
2026-03-04 16:41:31,348 [INFO] IPUIPlugin:80 - create IPUIPlugin
2026-03-04 16:41:31,349 [INFO] PluginManager:220 - loadIPPluginJar : add dma3
2026-03-04 16:41:31,349 [INFO] IPUIPlugin:80 - create IPUIPlugin
2026-03-04 16:41:31,349 [INFO] PluginManager:220 - loadIPPluginJar : add quadspi
2026-03-04 16:41:31,354 [INFO] IPUIPlugin:80 - create IPUIPlugin
2026-03-04 16:41:31,354 [INFO] PluginManager:220 - loadIPPluginJar : add adc
2026-03-04 16:41:31,451 [FATAL] Updater:351 - Updater called before beeing initialized
2026-03-04 16:41:31,473 [INFO] RulesReader:64 - Compatibility file has been processed (317 Rules)
2026-03-04 16:41:31,484 [INFO] RulesReader:64 - Compatibility file has been processed (317 Rules)
2026-03-04 16:41:31,491 [INFO] CADModel:165 - CPN selected for project level
2026-03-04 16:41:31,492 [INFO] CADModel:114 - Register for checkConnection events
2026-03-04 16:41:31,492 [FATAL] Updater:351 - Updater called before beeing initialized
2026-03-04 16:41:31,492 [ERROR] CADModel:125 - Updater not yet initialized, retry later 
2026-03-04 16:41:31,653 [FATAL] Updater:351 - Updater called before beeing initialized
2026-03-04 16:41:31,655 [INFO] CADModel:165 - CPN selected for project level
2026-03-04 16:41:31,655 [INFO] CADModel:114 - Register for checkConnection events
2026-03-04 16:41:31,655 [FATAL] Updater:351 - Updater called before beeing initialized
2026-03-04 16:41:31,655 [ERROR] CADModel:125 - Updater not yet initialized, retry later 
2026-03-04 16:41:31,658 [FATAL] Updater:351 - Updater called before beeing initialized
2026-03-04 16:41:31,763 [FATAL] Updater:351 - Updater called before beeing initialized
2026-03-04 16:41:31,769 [INFO] DbMcusAds:53 - JSON generation date=Tue Jul 08 05:14:23 ART 2025 (1751962463582)
2026-03-04 16:41:31,769 [FATAL] Updater:351 - Updater called before beeing initialized
2026-03-04 16:41:31,804 [WARN] DetailPanel:346 - Failed to get advertising image, set to default
2026-03-04 16:41:31,889 [FATAL] Updater:351 - Updater called before beeing initialized
2026-03-04 16:41:31,890 [FATAL] Updater:351 - Updater called before beeing initialized
2026-03-04 16:41:31,891 [FATAL] Updater:351 - Updater called before beeing initialized
2026-03-04 16:41:31,891 [WARN] DetailPanel:346 - Failed to get advertising image, set to default
2026-03-04 16:41:31,892 [FATAL] Updater:351 - Updater called before beeing initialized
2026-03-04 16:41:31,920 [ERROR] Updater:1198 - MainUpdater not yet initialized. External WinMGr cannot be set.
2026-03-04 16:41:31,922 [INFO] Updater:1134 - Updater Version found : 6.15.0
2026-03-04 16:41:31,937 [INFO] ApplicationProperties:184 - Using Application install path: /opt/st/stm32cubeide_1.19.0/plugins/com.st.stm32cube.common.mx_6.15.0.202507011659
2026-03-04 16:41:32,218 [INFO] MainUpdater:2872 - connection check result : 10
2026-03-04 16:41:32,219 [INFO] MainUpdater:289 - Updater Check For Update Now.
2026-03-04 16:41:32,219 [INFO] MicroXplorer:498 - Change Database Version : DB.6.0.150
2026-03-04 16:41:32,223 [INFO] McuFinderGlobals:63 - Set McuFinder mode to 2 (CubeIDE integrated)
2026-03-04 16:41:32,223 [INFO] UserAuth:487 - Internet connection configuration mode: 1
2026-03-04 16:41:32,237 [INFO] JxBrowserEngine:152 - Initiate JxBrowser Engine with user profile folder
2026-03-04 16:41:32,414 [INFO] CheckServerUpdateThread:120 - End of CheckServer Thread
2026-03-04 16:41:32,875 [INFO] WebApp:169 - Instantiating new browser for Auth
2026-03-04 16:41:33,542 [INFO] WebApp:463 - Apply proxy settings
2026-03-04 16:41:33,543 [INFO] WebApp:548 - Chromium requires no authentication
2026-03-04 16:41:33,551 [INFO] WebApp:491 - Direct internet connection detected
2026-03-04 16:41:33,572 [INFO] WebApp:900 - Register for checkConnection events
2026-03-04 16:41:33,573 [INFO] WebApp:463 - Apply proxy settings
2026-03-04 16:41:33,573 [INFO] WebApp:548 - Chromium requires no authentication
2026-03-04 16:41:33,574 [INFO] WebApp:491 - Direct internet connection detected
2026-03-04 16:41:33,696 [INFO] WebApp:225 - Starting web application
2026-03-04 16:41:33,697 [INFO] WebApp:593 - Web application path used /opt/st/stm32cubeide_1.19.0/plugins/com.st.stm32cube.common.mx_6.15.0.202507011659/db/plugins/mcufinder/reactClient1/index.html
2026-03-04 16:41:33,804 [INFO] UserAuth:487 - Internet connection configuration mode: 1
2026-03-04 16:41:33,829 [INFO] WebApp:191 - Connection restablished
2026-03-04 16:41:33,945 [WARN] PackLoader:240 - Cannot read IP mode file for STMicroelectronics.X-CUBE-AZRTOS-H7.3.5.0
2026-03-04 16:41:33,961 [WARN] PackLoader:240 - Cannot read IP mode file for STMicroelectronics.FP-SNS-MOTENVWB1.1.4.0
2026-03-04 16:41:33,966 [WARN] PackLoader:240 - Cannot read IP mode file for STMicroelectronics.FP-ATR-ASTRA1.2.0.2
2026-03-04 16:41:33,972 [WARN] PackLoader:240 - Cannot read IP mode file for STMicroelectronics.X-CUBE-SMBUS.2.1.0
2026-03-04 16:41:33,976 [WARN] PackLoader:240 - Cannot read IP mode file for STMicroelectronics.X-CUBE-ST60.1.0.0
2026-03-04 16:41:33,999 [WARN] PackLoader:240 - Cannot read IP mode file for STMicroelectronics.X-CUBE-AZRTOS-F7.1.1.0
2026-03-04 16:41:34,007 [WARN] PackLoader:240 - Cannot read IP mode file for STMicroelectronics.FP-SNS-MOTENV1.5.1.0
2026-03-04 16:41:34,016 [WARN] PackLoader:240 - Cannot read IP mode file for WES.I-CUBE-Cesium.1.4.0
2026-03-04 16:41:34,042 [WARN] PackLoader:240 - Cannot read IP mode file for Infineon.AIROC-Wi-Fi-Bluetooth-STM32.1.7.1
2026-03-04 16:41:34,073 [WARN] PackLoader:240 - Cannot read IP mode file for STMicroelectronics.X-CUBE-AZRTOS-H7.3.4.0
2026-03-04 16:41:34,085 [WARN] PackLoader:240 - Cannot read IP mode file for STMicroelectronics.X-CUBE-DISPLAY.3.0.0
2026-03-04 16:41:34,094 [WARN] PackLoader:240 - Cannot read IP mode file for STMicroelectronics.FP-SNS-MOTENVWB1.1.5.0
2026-03-04 16:41:34,101 [WARN] PackLoader:240 - Cannot read IP mode file for STMicroelectronics.X-CUBE-NFC10.1.0.0
2026-03-04 16:41:34,122 [WARN] PackLoader:240 - Cannot read IP mode file for STMicroelectronics.X-CUBE-ST60.1.1.0
2026-03-04 16:41:34,131 [WARN] PackLoader:240 - Cannot read IP mode file for emotas.I-CUBE-CANOPEN.1.3.0
2026-03-04 16:41:34,139 [WARN] PackLoader:240 - Cannot read IP mode file for STMicroelectronics.X-CUBE-GNSS1.7.1.0
2026-03-04 16:41:34,152 [WARN] PackLoader:240 - Cannot read IP mode file for STMicroelectronics.FP-SNS-STBOX1.2.1.0
2026-03-04 16:41:34,161 [WARN] PackLoader:240 - Cannot read IP mode file for STMicroelectronics.FP-SNS-SMARTAG2.1.2.0
2026-03-04 16:41:34,167 [WARN] PackLoader:240 - Cannot read IP mode file for STMicroelectronics.FP-SNS-FLIGHT1.5.1.0
2026-03-04 16:41:34,179 [INFO] LogOutputStream:77 - [STDOUT_REDIRECT] 1 : Invalid condition id : UX_CORESTACK_Condition cause : null
2026-03-04 16:41:34,181 [INFO] LogOutputStream:77 - [STDOUT_REDIRECT] 1 : Invalid condition id : UX_CORESTACK_Condition cause : null
2026-03-04 16:41:34,182 [INFO] LogOutputStream:77 - [STDOUT_REDIRECT] 1 : Invalid condition id : UX_CORESTACK_Condition cause : null
2026-03-04 16:41:34,183 [INFO] LogOutputStream:77 - [STDOUT_REDIRECT] 1 : Invalid condition id : UX_CORESTACK_Condition cause : null
2026-03-04 16:41:34,183 [INFO] LogOutputStream:77 - [STDOUT_REDIRECT] 1 : Invalid condition id : UX_CORESTACK_Condition cause : null
2026-03-04 16:41:34,189 [WARN] PackLoader:240 - Cannot read IP mode file for STMicroelectronics.X-CUBE-AZRTOS-WL.2.0.0
2026-03-04 16:41:34,196 [WARN] PackLoader:240 - Cannot read IP mode file for STMicroelectronics.FP-SNS-MOTENV1.5.0.0
2026-03-04 16:41:34,224 [WARN] PackLoader:240 - Cannot read IP mode file for STMicroelectronics.X-CUBE-AZRTOS-H7RS.1.2.0
2026-03-04 16:41:34,235 [WARN] PackLoader:240 - Cannot read IP mode file for STMicroelectronics.X-CUBE-BLE2.3.3.0
2026-03-04 16:41:34,264 [WARN] PackLoader:240 - Cannot read IP mode file for STMicroelectronics.X-CUBE-NFC9.1.0.0
2026-03-04 16:41:34,272 [WARN] PackLoader:240 - Cannot read IP mode file for wolfSSL.I-CUBE-wolfSSL.5.8.2
2026-03-04 16:41:34,278 [WARN] PackLoader:240 - Cannot read IP mode file for STMicroelectronics.X-CUBE-BLE1.7.1.0
2026-03-04 16:41:34,283 [WARN] PackLoader:240 - Cannot read IP mode file for wolfSSL.I-CUBE-wolfMQTT.1.19.2
2026-03-04 16:41:34,290 [WARN] PackLoader:240 - Cannot read IP mode file for STMicroelectronics.X-CUBE-FREERTOS.1.4.0
2026-03-04 16:41:34,298 [WARN] PackLoader:240 - Cannot read IP mode file for STMicroelectronics.X-CUBE-EEPRMA1.5.2.0
2026-03-04 16:41:34,308 [WARN] PackLoader:240 - Cannot read IP mode file for STMicroelectronics.X-CUBE-ST67W61.1.1.0
2026-03-04 16:41:34,372 [WARN] PackLoader:240 - Cannot read IP mode file for STMicroelectronics.X-CUBE-MEMS1.12.0.0
2026-03-04 16:41:34,531 [WARN] PackLoader:240 - Cannot read IP mode file for STMicroelectronics.X-CUBE-AZRTOS-G0.1.1.0
2026-03-04 16:41:34,542 [WARN] PackLoader:240 - Cannot read IP mode file for STMicroelectronics.X-CUBE-SAFEA1.1.2.2
2026-03-04 16:41:34,550 [WARN] PackLoader:240 - Cannot read IP mode file for STMicroelectronics.X-CUBE-NFC4.3.0.0
2026-03-04 16:41:34,562 [WARN] PackLoader:240 - Cannot read IP mode file for EmbeddedOffice.I-CUBE-FS-RTOS.1.0.1
2026-03-04 16:41:34,600 [WARN] PackLoader:240 - Cannot read IP mode file for STMicroelectronics.X-CUBE-WB05N.2.0.0
2026-03-04 16:41:34,608 [WARN] PackLoader:240 - Cannot read IP mode file for wolfSSL.I-CUBE-wolfTPM.3.8.0
2026-03-04 16:41:34,617 [WARN] PackLoader:240 - Cannot read IP mode file for STMicroelectronics.X-CUBE-TCPP.4.2.0
2026-03-04 16:41:34,630 [WARN] PackLoader:240 - Cannot read IP mode file for RealThread.X-CUBE-RT-Thread_Nano.4.1.1
2026-03-04 16:41:34,636 [WARN] PackLoader:240 - Cannot read IP mode file for STMicroelectronics.FP-ATR-SIGFOX1.3.2.0
2026-03-04 16:41:34,643 [WARN] PackLoader:240 - Cannot read IP mode file for STMicroelectronics.X-CUBE-FREERTOS.1.5.0
2026-03-04 16:41:34,651 [WARN] PackLoader:240 - Cannot read IP mode file for ITTIA_DB.I-CUBE-ITTIADB.8.9.0
2026-03-04 16:41:34,661 [WARN] PackLoader:240 - Cannot read IP mode file for STMicroelectronics.X-CUBE-NFC6.3.2.0
2026-03-04 16:41:34,672 [WARN] PackLoader:240 - Cannot read IP mode file for STMicroelectronics.X-CUBE-ST67W61.1.0.0
2026-03-04 16:41:34,677 [WARN] PackLoader:240 - Cannot read IP mode file for STMicroelectronics.X-CUBE-AI.10.2.0
2026-03-04 16:41:34,709 [WARN] PackLoader:240 - Cannot read IP mode file for SEGGER.I-CUBE-embOS.1.3.1
2026-03-04 16:41:34,771 [WARN] PackLoader:240 - Cannot read IP mode file for STMicroelectronics.X-CUBE-ALGOBUILD.1.4.0
2026-03-04 16:41:34,827 [WARN] PackLoader:240 - Cannot read IP mode file for STMicroelectronics.X-CUBE-MEMS1.11.3.0
2026-03-04 16:41:34,960 [WARN] PackLoader:240 - Cannot read IP mode file for STMicroelectronics.X-CUBE-PM33A1.1.0.0
2026-03-04 16:41:34,980 [WARN] PackLoader:240 - Cannot read IP mode file for STMicroelectronics.X-CUBE-AZRTOS-F4.1.1.0
2026-03-04 16:41:34,987 [WARN] PackLoader:240 - Cannot read IP mode file for Avnet-IotConnect.X-CUBE-IoTC-DA16k-PMOD.1.0.0
2026-03-04 16:41:34,992 [WARN] PackLoader:240 - Cannot read IP mode file for STMicroelectronics.X-CUBE-ISPU.2.1.0
2026-03-04 16:41:35,010 [WARN] PackLoader:240 - Cannot read IP mode file for STMicroelectronics.X-CUBE-IPS.3.2.0
2026-03-04 16:41:35,056 [WARN] PackLoader:240 - Cannot read IP mode file for STMicroelectronics.X-CUBE-NFC12.1.0.0
2026-03-04 16:41:35,099 [WARN] PackLoader:240 - Cannot read IP mode file for STMicroelectronics.X-CUBE-AZRTOS-L5.2.0.0
2026-03-04 16:41:35,111 [WARN] PackLoader:240 - Cannot read IP mode file for STMicroelectronics.X-CUBE-NFC6.3.1.0
2026-03-04 16:41:35,120 [WARN] PackLoader:240 - Cannot read IP mode file for STMicroelectronics.X-CUBE-FREERTOS.1.3.1
2026-03-04 16:41:35,126 [WARN] PackLoader:240 - Cannot read IP mode file for STMicroelectronics.X-CUBE-TOUCHGFX.4.26.0
2026-03-04 16:41:35,130 [WARN] PackLoader:240 - Cannot read IP mode file for STMicroelectronics.X-CUBE-TOUCHGFX.4.26.1
2026-03-04 16:41:35,136 [WARN] PackLoader:240 - Cannot read IP mode file for STMicroelectronics.FP-SNS-STAIOTCFT.1.0.0
2026-03-04 16:41:35,143 [WARN] PackLoader:240 - Cannot read IP mode file for STMicroelectronics.X-CUBE-DPower.1.3.0
2026-03-04 16:41:35,163 [WARN] ConditionMgr:438 - getConditionDescription Invalid condition id : LAN8742 Phy interface Condition cause : null
2026-03-04 16:41:35,164 [WARN] PackLoader:240 - Cannot read IP mode file for STMicroelectronics.X-CUBE-AZRTOS-L4.2.0.0
2026-03-04 16:41:35,166 [WARN] ConditionMgr:1044 - genDependencies : Invalid condition id : LAN8742 Phy interface Condition cause : null
2026-03-04 16:41:35,166 [WARN] ConditionMgr:1044 - genDependencies : Invalid condition id : LAN8742 Phy interface Condition cause : null
2026-03-04 16:41:35,167 [WARN] ConditionMgr:1044 - genDependencies : Invalid condition id : LAN8742 Phy interface Condition cause : null
2026-03-04 16:41:35,176 [WARN] PackLoader:240 - Cannot read IP mode file for STMicroelectronics.X-CUBE-SFXS2LP1.4.0.0
2026-03-04 16:41:35,184 [WARN] PackLoader:240 - Cannot read IP mode file for STMicroelectronics.X-CUBE-ST67W61.1.2.0
2026-03-04 16:41:35,198 [WARN] PackLoader:240 - Cannot read IP mode file for STMicroelectronics.X-CUBE-BLEMGR.4.1.0
2026-03-04 16:41:35,215 [WARN] ConditionMgr:438 - getConditionDescription Invalid condition id : UX DEVICE CLASS RTOS Condition cause : null
2026-03-04 16:41:35,215 [WARN] ConditionMgr:438 - getConditionDescription Invalid condition id : UX DEVICE CLASS RTOS Condition cause : null
2026-03-04 16:41:35,218 [WARN] PackLoader:240 - Cannot read IP mode file for STMicroelectronics.X-CUBE-AZRTOS-WB.2.0.0
2026-03-04 16:41:35,219 [WARN] ConditionMgr:1044 - genDependencies : Invalid condition id : UX DEVICE CLASS RTOS Condition cause : null
2026-03-04 16:41:35,219 [WARN] ConditionMgr:1044 - genDependencies : Invalid condition id : UX DEVICE CLASS RTOS Condition cause : null
2026-03-04 16:41:35,219 [WARN] ConditionMgr:1044 - genDependencies : Invalid condition id : UX DEVICE CLASS RTOS Condition cause : null
2026-03-04 16:41:35,220 [WARN] ConditionMgr:1044 - genDependencies : Invalid condition id : UX DEVICE CLASS RTOS Condition cause : null
2026-03-04 16:41:35,220 [WARN] ConditionMgr:1044 - genDependencies : Invalid condition id : UX DEVICE CLASS RTOS Condition cause : null
2026-03-04 16:41:35,226 [WARN] PackLoader:240 - Cannot read IP mode file for STMicroelectronics.X-CUBE-GNSS1.7.0.1
2026-03-04 16:41:35,231 [WARN] PackLoader:240 - Cannot read IP mode file for STMicroelectronics.X-CUBE-TOUCHGFX.4.25.0
2026-03-04 16:41:35,234 [WARN] ConditionMgr:438 - getConditionDescription Invalid condition id : Cortex-A Device cause : null
2026-03-04 16:41:35,246 [WARN] ConditionMgr:1044 - genDependencies : Invalid condition id : Cortex-A Device cause : null
2026-03-04 16:41:35,246 [WARN] ConditionMgr:1044 - genDependencies : Invalid condition id : Cortex-A Device cause : null
2026-03-04 16:41:35,247 [WARN] ConditionMgr:1044 - genDependencies : Invalid condition id : Cortex-A Device cause : null
2026-03-04 16:41:35,255 [WARN] PackLoader:240 - Cannot read IP mode file for STMicroelectronics.X-CUBE-STSE01.2.0.0
2026-03-04 16:41:35,268 [WARN] PackLoader:240 - Cannot read IP mode file for STMicroelectronics.X-CUBE-SUBG2.5.0.0
2026-03-04 16:41:35,293 [WARN] PackLoader:240 - Cannot read IP mode file for STMicroelectronics.X-CUBE-AZRTOS-H7RS.1.1.0
2026-03-04 16:41:35,302 [WARN] PackLoader:240 - Cannot read IP mode file for Cesanta.I-CUBE-Mongoose.7.13.0
2026-03-04 16:41:35,319 [WARN] PackLoader:240 - Cannot read IP mode file for STMicroelectronics.X-CUBE-AZRTOS-G4.2.0.0
2026-03-04 16:41:35,326 [WARN] PackLoader:240 - Cannot read IP mode file for wolfSSL.I-CUBE-wolfSSH.1.4.20
2026-03-04 16:41:35,331 [WARN] PackLoader:240 - Cannot read IP mode file for STMicroelectronics.X-CUBE-NFC7.2.0.0
2026-03-04 16:41:35,347 [WARN] PackLoader:240 - Cannot read IP mode file for STMicroelectronics.X-CUBE-IPS.3.1.0
2026-03-04 16:41:35,358 [WARN] PackLoader:240 - Cannot read IP mode file for STMicroelectronics.X-CUBE-ALS.1.0.2
2026-03-04 16:41:35,366 [WARN] PackLoader:240 - Cannot read IP mode file for STMicroelectronics.X-CUBE-STSE01.1.0.0
2026-03-04 16:41:35,374 [WARN] PackLoader:240 - Cannot read IP mode file for portGmbH.I-Cube-SoM-uGOAL.1.1.0
2026-03-04 16:41:35,386 [WARN] PackLoader:240 - Cannot read IP mode file for STMicroelectronics.X-CUBE-TOF1.3.4.3
2026-03-04 16:41:35,401 [INFO] ThirdParty:978 - Integrity check success = true
2026-03-04 16:41:35,402 [INFO] IntegrityCheckThread:100 - exiting critical section [integrity check]
2026-03-04 16:41:35,402 [INFO] IntegrityCheckThread:103 - End integrity checks thread
2026-03-04 16:54:39,568 [INFO] McuFinderGlobals:63 - Set McuFinder mode to 2 (CubeIDE integrated)
2026-03-04 16:54:42,313 [INFO] MainUpdater:2872 - connection check result : 10
2026-03-04 16:54:42,314 [INFO] MainUpdater:2872 - connection check result : 10
2026-03-04 16:54:42,355 [INFO] MicroXplorer:468 - Change Database Path : 
2026-03-04 16:54:42,356 [INFO] MicroXplorer:498 - Change Database Version : DB.6.0.150
2026-03-04 16:54:42,360 [WARN] ThirdParty:871 - waiting for thirdparty lock release [close project]
2026-03-04 16:54:42,360 [INFO] ThirdParty:873 - entering critical section [close project]
2026-03-04 16:54:42,361 [INFO] ThirdParty:883 - exiting critical section [close project]
2026-03-04 16:54:42,363 [INFO] PinOutPanel:1589 - setPackage(No Configuration,No Configuration)
2026-03-04 16:54:42,364 [INFO] UtilMem:75 - Begin LoadConfig() Used Memory: 534103040 Bytes (772800512)
2026-03-04 16:55:06,787 [INFO] MicroXplorer:468 - Change Database Path : 
2026-03-04 16:55:06,787 [INFO] MicroXplorer:498 - Change Database Version : DB.6.0.150
2026-03-04 16:55:06,788 [INFO] OpenFileManager:355 - Change cursor
2026-03-04 16:55:06,827 [INFO] Mcu:2029 - Initializing MCU STM32F103R(8-B)Tx STM32F103RBTx STM32F103RBT6
2026-03-04 16:55:07,292 [INFO] Context:786 - Trying to add GPIOservice into a context  which must be forbidden
2026-03-04 16:55:07,478 [INFO] Rule:233 - rule Adapt Old IOC before rework replace old CORTEX_M33/CORTEX_M55 attributes by the new one. is applicable
2026-03-04 16:55:07,478 [INFO] Rule:233 - rule Rename parametre of RCC RCC_APBDBG_DIV2 to RCC_TIMPRES_DIV2 is applicable
2026-03-04 16:55:07,478 [INFO] Rule:233 - rule Rename DIE493 pin PA10 [PA12] -> PA10 is applicable
2026-03-04 16:55:07,479 [INFO] Rule:233 - rule Rename DIE493 pin PA9 [PA11] -> PA9 is applicable
2026-03-04 16:55:07,479 [INFO] Rule:233 - rule Rename DIE492 PartNumber CPN STM32WBA5MJGHx -> STM32WBA5MMGHx is applicable
2026-03-04 16:55:07,479 [INFO] Rule:233 - rule Rename DIE492 PartNumber  Name STM32WBA5MJGHx -> STM32WBA5MMGHx is applicable
2026-03-04 16:55:07,479 [INFO] Rule:233 - rule Rename DIE492 PartNumber UserName STM32WBA5MJGHx -> STM32WBA5MMGHx is applicable
2026-03-04 16:55:07,479 [INFO] Rule:233 - rule Rename DIE492 PartNumber DeviceId STM32WBA5MJGHx -> STM32WBA5MMGHx is applicable
2026-03-04 16:55:07,479 [INFO] Rule:233 - rule Adapt Old IOC CSI. is applicable
2026-03-04 16:55:07,479 [INFO] Rule:233 - rule Adapt Old IOC DCMIPP. is applicable
2026-03-04 16:55:07,479 [INFO] Rule:233 - rule Adapt Old IOC DCMIPP Mode Parallel. is applicable
2026-03-04 16:55:07,479 [INFO] Rule:233 - rule Adapt Old IOC LTDC. is applicable
2026-03-04 16:55:07,479 [INFO] Rule:233 - rule Rename STM32MP2 RIF Peripheral LTDC RIF.RISUP.LTDC_L0L1.Privilege -> RIF.RISUP.LTDC_L1L2.Privilege is applicable
2026-03-04 16:55:07,479 [INFO] Rule:233 - rule Rename STM32MP2 RIF Peripheral LTDC RIF.RISUP.LTDC_L0L1.Privilege -> RIF.RISUP.LTDC_L1L2.Privilege is applicable
2026-03-04 16:55:07,479 [INFO] Rule:233 - rule Rename STM32MP2 RIF Peripheral LTDC RIF.RISUP.LTDC_L0L1.Lock -> RIF.RISUP.LTDC_L1L2.Lock is applicable
2026-03-04 16:55:07,479 [INFO] Rule:233 - rule Rename STM32MP2 RIF Peripheral LTDC RIF.RISUP.LTDC_L2.Lock -> RIF.RISUP.LTDC_L3.Lock is applicable
2026-03-04 16:55:07,479 [INFO] Rule:233 - rule Adapt the old IOC example for updating the SYS when it is misconfigured. is applicable
2026-03-04 16:55:07,479 [INFO] Rule:233 - rule Rename STM32C09 Mcu.Package LQFP64 -> LQFP48 is applicable
2026-03-04 16:55:07,479 [INFO] Rule:233 - rule Adapt the old IOC example for updating the SYS when it is misconfigured. is applicable
2026-03-04 16:55:07,479 [INFO] Rule:233 - rule Adapt the old IOC example for updating the SYS when it is misconfigured. is applicable
2026-03-04 16:55:07,481 [INFO] DbConfProperties:307 - Apply Compatibility (4/20 Rules)
2026-03-04 16:55:07,510 [INFO] ImportTextPane:234 - (OptionalMessage_ERROR) Pin22 (VP_RIF_VS_RIF1) cannot be retrieved for this MCU
2026-03-04 16:55:07,576 [INFO] RtosManager:558 - Registered RTOS mode: class=CMSIS, group=RTOS, mode=CMSIS_V1, owner=FREERTOS
2026-03-04 16:55:07,576 [INFO] RtosManager:558 - Registered RTOS mode: class=CMSIS, group=RTOS2, mode=CMSIS_V2, owner=FREERTOS
2026-03-04 16:55:07,577 [INFO] RtosManager:558 - Registered RTOS mode: class=RTOS, group=Core, mode=CMSIS_V1, owner=FREERTOS
2026-03-04 16:55:07,577 [INFO] RtosManager:558 - Registered RTOS mode: class=RTOS, group=Core, mode=CMSIS_V2, owner=FREERTOS
2026-03-04 16:55:07,577 [WARN] ModelIntegratedComponent:184 - Missing modes for component STMicroelectronics:FreeRTOS:0.0.1:STMicroelectronics:RTOS:FreeRTOS:Core:::10.2.0:
2026-03-04 16:55:07,580 [WARN] ModelIntegratedComponent:63 - No mode defined for component null
2026-03-04 16:55:07,580 [WARN] ModelIntegratedComponent:63 - No mode defined for component null
2026-03-04 16:55:07,580 [WARN] ModelIntegratedComponent:63 - No mode defined for component null
2026-03-04 16:55:07,580 [WARN] ModelIntegratedComponent:63 - No mode defined for component null
2026-03-04 16:55:07,580 [WARN] ModelIntegratedComponent:63 - No mode defined for component null
2026-03-04 16:55:07,580 [WARN] ModelIntegratedComponent:63 - No mode defined for component null
2026-03-04 16:55:07,580 [WARN] ModelIntegratedComponent:63 - No mode defined for component null
2026-03-04 16:55:07,580 [WARN] ModelIntegratedComponent:63 - No mode defined for component null
2026-03-04 16:55:07,580 [WARN] ModelIntegratedComponent:63 - No mode defined for component null
2026-03-04 16:55:07,580 [WARN] ModelIntegratedComponent:63 - No mode defined for component null
2026-03-04 16:55:07,580 [WARN] ModelIntegratedComponent:63 - No mode defined for component null
2026-03-04 16:55:07,580 [WARN] ModelIntegratedComponent:63 - No mode defined for component null
2026-03-04 16:55:07,580 [WARN] ModelIntegratedComponent:63 - No mode defined for component null
2026-03-04 16:55:07,580 [WARN] ModelIntegratedComponent:63 - No mode defined for component null
2026-03-04 16:55:07,580 [WARN] ModelIntegratedComponent:63 - No mode defined for component null
2026-03-04 16:55:07,580 [WARN] ModelIntegratedComponent:63 - No mode defined for component null
2026-03-04 16:55:07,580 [WARN] ModelIntegratedComponent:63 - No mode defined for component null
2026-03-04 16:55:07,580 [WARN] ModelIntegratedComponent:63 - No mode defined for component null
2026-03-04 16:55:07,580 [WARN] ModelIntegratedComponent:63 - No mode defined for component null
2026-03-04 16:55:07,580 [WARN] ModelIntegratedComponent:63 - No mode defined for component null
2026-03-04 16:55:07,580 [WARN] ModelIntegratedComponent:63 - No mode defined for component null
2026-03-04 16:55:07,580 [WARN] ModelIntegratedComponent:63 - No mode defined for component null
2026-03-04 16:55:07,580 [WARN] ModelIntegratedComponent:63 - No mode defined for component null
2026-03-04 16:55:07,580 [WARN] ModelIntegratedComponent:63 - No mode defined for component null
2026-03-04 16:55:07,580 [WARN] ModelIntegratedComponent:63 - No mode defined for component null
2026-03-04 16:55:07,580 [WARN] ModelIntegratedComponent:63 - No mode defined for component null
2026-03-04 16:55:07,580 [WARN] ModelIntegratedComponent:63 - No mode defined for component null
2026-03-04 16:55:07,580 [WARN] ModelIntegratedComponent:63 - No mode defined for component null
2026-03-04 16:55:07,580 [WARN] ModelIntegratedComponent:63 - No mode defined for component null
2026-03-04 16:55:07,581 [WARN] ModelIntegratedComponent:63 - No mode defined for component null
2026-03-04 16:55:07,581 [WARN] ModelIntegratedComponent:63 - No mode defined for component null
2026-03-04 16:55:07,581 [WARN] ModelIntegratedComponent:63 - No mode defined for component null
2026-03-04 16:55:07,581 [WARN] ModelIntegratedComponent:63 - No mode defined for component null
2026-03-04 16:55:07,581 [WARN] ModelIntegratedComponent:63 - No mode defined for component null
2026-03-04 16:55:07,581 [WARN] ModelIntegratedComponent:63 - No mode defined for component null
2026-03-04 16:55:07,581 [WARN] ModelPack:524 - Component already loaded: STMicroelectronics:HAL Drivers:0.0.0:STMicroelectronics:Device:STMicro_Driver:XSPI:HAL::0.0.1:HAL_XSPI
2026-03-04 16:55:07,740 [INFO] ThirdPartyModel:298 - Start build external matchings
2026-03-04 16:55:08,080 [INFO] ThirdPartyModel:316 - End build external matchings
2026-03-04 16:55:08,097 [INFO] ImportTextPane:234 - (OptionalMessage_ERROR) IP (RCC) : Parameter (ADCFreqValue) has invalid value (32000000)
2026-03-04 16:55:08,098 [INFO] ImportTextPane:234 - (OptionalMessage_ERROR) IP (RCC) : Invalid parameter (FamilyName)
2026-03-04 16:55:08,098 [INFO] ImportTextPane:234 - (OptionalMessage_ERROR) IP (RCC) : Parameter (MCOFreq_Value) has invalid value (64000000)
2026-03-04 16:55:08,098 [INFO] ImportTextPane:234 - (OptionalMessage_ERROR) IP (RCC) : Parameter (USBFreq_Value) has invalid value (64000000)
2026-03-04 16:55:08,270 [INFO] ApiDb:581 - Connected to CubeFinder SQLite database (/home/inakigb/.stmcufinder/plugins/mcufinder/mcu/cube-finder-db.db)
2026-03-04 16:55:08,311 [INFO] ApiDb:668 - CubeFinder database Data Model version=2.1
2026-03-04 16:55:08,311 [INFO] ApiDb:669 - CubeFinder database Configuration version=3.0.39
2026-03-04 16:55:08,312 [INFO] ApiDb:670 - CubeFinder database generation date=2025-07-24 (1753349077)
2026-03-04 16:55:08,312 [INFO] ApiDb:671 - CubeFinder database FW Pack versions=[FP-ATR-ASTRA1_V2.0.0, FP-SNS-FLIGHT1_V5.1.0, FP-SNS-MOTENV1_V5.0.0, FP-SNS-MOTENVWB1_V1.4.0, FP-SNS-SMARTAG2_V1.2.0, FP-SNS-STBOX1_V2.0.0, STM32Cube_FW_C0_V1.4.0, STM32Cube_FW_F4_V1.28.2, STM32Cube_FW_F7_V1.17.3, STM32Cube_FW_G0_V1.6.2, STM32Cube_FW_G4_V1.6.1, STM32Cube_FW_H5_V1.5.0, STM32Cube_FW_H7RS_V1.2.0, STM32Cube_FW_H7_V1.12.1, STM32Cube_FW_L0_V1.12.2, STM32Cube_FW_L4_V1.18.1, STM32Cube_FW_L5_V1.5.1, STM32Cube_FW_N6_V1.2.0, STM32Cube_FW_U0_V1.3.0, STM32Cube_FW_U3_V1.2.0, STM32Cube_FW_U5_V1.8.0, STM32Cube_FW_WB0_V1.3.0, STM32Cube_FW_WBA_V1.7.0, STM32Cube_FW_WB_V1.23.0, STM32Cube_FW_WL3_V1.2.0, STM32Cube_FW_WL_V1.3.1, X-CUBE-ALGOBUILD_V1.4.0, X-CUBE-ALS_V1.0.2, X-CUBE-AZRTOS-F4_V1.1.0, X-CUBE-AZRTOS-F7_V1.1.0, X-CUBE-AZRTOS-G0_V1.1.0, X-CUBE-AZRTOS-G4_V2.0.0, X-CUBE-AZRTOS-H7RS_V1.1.0, X-CUBE-AZRTOS-H7_V3.4.0, X-CUBE-AZRTOS-L4_V2.0.0, X-CUBE-AZRTOS-L5_V2.0.0, X-CUBE-AZRTOS-WB_V2.0.0, X-CUBE-AZRTOS-WL_V2.0.0, X-CUBE-BLE1_V7.1.0, X-CUBE-BLE2_V3.3.0, X-CUBE-BLEMGR_V4.1.0, X-CUBE-EEPRMA1_V5.2.0, X-CUBE-FREERTOS_V1.3.1, X-CUBE-GNSS1_V6.0.0, X-CUBE-MEMS1_V11.3.0, X-CUBE-NFC4_V3.0.0, X-CUBE-NFC7_V2.0.0, X-CUBE-SFXS2LP1_V4.0.0, X-CUBE-ST67W61_V1.0.0, X-CUBE-SUBG2_V5.0.0, X-CUBE-TOF1_V3.4.3]
2026-03-04 16:55:08,392 [INFO] DbBoardsSqlite:226 - include board P-NUCLEO-WB55-NUCLEO as a kit item of type 'Nucleo-64'
2026-03-04 16:55:08,392 [INFO] DbBoardsSqlite:226 - include board P-NUCLEO-WB55-USBDONGLE as a kit item of type 'Nucleo USB Dongle'
2026-03-04 16:55:08,393 [INFO] DbBoardsSqlite:226 - include board STEVAL-IDP005V1 as a kit item of type 'Evaluation Board'
2026-03-04 16:55:08,393 [INFO] DbBoardsSqlite:226 - include board STEVAL-IDP005V2 as a kit item of type 'Evaluation Board'
2026-03-04 16:55:08,507 [INFO] ApiDb:240 - Found 880 in-development CPN: [B-G473E-ZEST1S, B-WB1M-WPAN1, B-WBA5M-WPAN, B-WL5M-SUBG1, NUCLEO-C031C6, NUCLEO-C051C8, NUCLEO-C071RB, NUCLEO-C092RC, NUCLEO-H503RB, NUCLEO-H533RE, NUCLEO-H563ZI, NUCLEO-H7S3L8, NUCLEO-N657X0-Q, NUCLEO-U031R8, NUCLEO-U083RC, NUCLEO-U385RG-Q, NUCLEO-U545RE-Q, NUCLEO-U5A5ZJ-Q, NUCLEO-WB05KZ, NUCLEO-WB07CC, NUCLEO-WB09KE, NUCLEO-WBA52CG, NUCLEO-WBA55CG, NUCLEO-WL33CC1, NUCLEO-WL33CC2, STEVAL-PROTEUS1, STEVAL-SMARTAG2, STEVAL-STWINBX1, STM320518-EVAL, STM32C0116-DK, STM32C011D6Y3TR, STM32C011D6Y6TR, STM32C011F4P3, STM32C011F4P6, STM32C011F4U3, STM32C011F4U6TR, STM32C011F6P3, STM32C011F6P6, STM32C011F6U3, STM32C011F6U6TR, STM32C011J4M3, STM32C011J4M6, STM32C011J6M3, STM32C011J6M6, STM32C0316-DK, STM32C031C4T3, STM32C031C4T6, STM32C031C4U3, STM32C031C4U6, STM32C031C6T3, STM32C031C6T6, STM32C031C6U3, STM32C031C6U6, STM32C031F4P3, STM32C031F4P6, STM32C031F6P3, STM32C031F6P6, STM32C031G4U3, STM32C031G4U6, STM32C031G6U3, STM32C031G6U6, STM32C031K4T3, STM32C031K4T6, STM32C031K4U3, STM32C031K4U6, STM32C031K6T3, STM32C031K6T6, STM32C031K6U3, STM32C031K6U6, STM32C051C6T6, STM32C051C6U6, STM32C051C8T6, STM32C051C8U6, STM32C051D8Y6TR, STM32C051F6P6, STM32C051F8P6, STM32C051G6U6, STM32C051G8U6, STM32C051K6T6, STM32C051K6U6, STM32C051K8T6, STM32C071C8T6, STM32C071C8T6N, STM32C071C8U6, STM32C071C8U6N, STM32C071CBT6, STM32C071CBT6N, STM32C071CBU6, STM32C071CBU6N, STM32C071F8P6, STM32C071F8P6N, STM32C071FBP6, STM32C071FBP6N, STM32C071FBY6TR, STM32C071G8U6, STM32C071G8U6N, STM32C071GBU6, STM32C071GBU6N, STM32C071K8T6, STM32C071K8T6N, STM32C071K8U6, STM32C071K8U6N, STM32C071KBT6, STM32C071KBT6N, STM32C071KBU6, STM32C071KBU6N, STM32C071R8T6, STM32C071R8T6N, STM32C071RBI6N, STM32C071RBT6, STM32C071RBT6N, STM32C091CBT6, STM32C091CBU6, STM32C091CCT6, STM32C091CCU6, STM32C091ECY6TR, STM32C091FBP6, STM32C091FCP6, STM32C091GBU6, STM32C091GCU6, STM32C091KBT6, STM32C091KBU6, STM32C091KCT6, STM32C091KCU6, STM32C091RBT6, STM32C091RCI6, STM32C091RCT6, STM32C092CBT6, STM32C092CBU6, STM32C092CCT6, STM32C092CCU6, STM32C092ECY6TR, STM32C092FBP6, STM32C092FCP6, STM32C092GBU6, STM32C092GCU6, STM32C092KBT6, STM32C092KBU6, STM32C092KCT6, STM32C092KCU6, STM32C092RBT6, STM32C092RCI6, STM32C092RCT6, STM32G071K8TXN, STM32G071K8UXN, STM32G081GBU6N, STM32G081KBT6N, STM32G081KBUXN, STM32G0B1CCT6N, STM32G0B1KCT6, STM32G0B1NEY6TR, STM32G0B1RCT6N, STM32G0C1CCT6, STM32G0C1CCT6N, STM32G0C1CCU6N, STM32G0C1CET6N, STM32G0C1CEU6N, STM32G0C1KCT6, STM32G0C1NEY6TR, STM32G0C1RCI6N, STM32G0C1RCT6N, STM32G0C1REI6N, STM32G0C1RET6N, STM32G0C1VCI6, STM32G0C1VEI6, STM32G411C6T3, STM32G411C6T6, STM32G411C6U3, STM32G411C6U6, STM32G411C8T3, STM32G411C8T6, STM32G411C8U3, STM32G411C8U6, STM32G411CBT3, STM32G411CBT6, STM32G411CBU3, STM32G411CBU6, STM32G411K6T3, STM32G411K6T6, STM32G411K6U3, STM32G411K6U6, STM32G411K8T3, STM32G411K8T6, STM32G411K8U3, STM32G411K8U6, STM32G411KBT3, STM32G411KBT6, STM32G411KBU3, STM32G411KBU6, STM32G411M6T3, STM32G411M6T6, STM32G411M8T3, STM32G411M8T6, STM32G411MBT3, STM32G411MBT6, STM32G411R6T3, STM32G411R6T6, STM32G411R8T3, STM32G411R8T6, STM32G411RBT3, STM32G411RBT6, STM32G414CBT3, STM32G414CBT6, STM32G414CBU3, STM32G414CBU6, STM32G414CCT3, STM32G414CCT6, STM32G414CCU3, STM32G414CCU6, STM32G414MBT3, STM32G414MBT6, STM32G414MCT3, STM32G414MCT6, STM32G414RBT3, STM32G414RBT6, STM32G414RCT3, STM32G414RCT6, STM32G414VBT3, STM32G414VBT6, STM32G414VCT3, STM32G414VCT6, STM32G431CBT3Z, STM32G431RBT3Z, STM32G471CCT6, STM32G471CCU6, STM32G471CET3, STM32G471CET6, STM32G471CEU3, STM32G471CEU6, STM32G471MCT6, STM32G471MET3, STM32G471MET6, STM32G471MEY6TR, STM32G471QCT6, STM32G471QET3, STM32G471RCT6, STM32G471RET3, STM32G471RET6, STM32G471VCH6, STM32G471VCI6, STM32G471VCT6, STM32G471VEH3, STM32G471VEH6, STM32G471VEI3, STM32G471VEI6, STM32G471VET3, STM32G471VET6, STM32G473QET3Z, STM32G473RET3Z, STM32G474CCT6, STM32G491RET3Z, STM32H503CBT6, STM32H503CBU6, STM32H503EBY6TR, STM32H503KBU6, STM32H503RBT6, STM32H523CCT6, STM32H523CCU6, STM32H523CET6, STM32H523CEU6, STM32H523HEY6TR, STM32H523RCT6, STM32H523RET6, STM32H523VCI6, STM32H523VCT6, STM32H523VEI6, STM32H523VET6, STM32H523ZCJ6, STM32H523ZCT6, STM32H523ZEJ6, STM32H523ZET6, STM32H533CET6, STM32H533CEU6, STM32H533HEY6TR, STM32H533RET6, STM32H533VEI6, STM32H533VET6, STM32H533ZEJ6, STM32H533ZET6, STM32H562AGI6, STM32H562AII6, STM32H562IGK6, STM32H562IGT6, STM32H562IIK6, STM32H562IIT6, STM32H562RGT6, STM32H562RGV6, STM32H562RIT6, STM32H562RIV6, STM32H562VGT6, STM32H562VIT6, STM32H562ZGT6, STM32H562ZIT6, STM32H563AGI6, STM32H563AII3Q, STM32H563AII6, STM32H563IGK6, STM32H563IGT6, STM32H563IIK3Q, STM32H563IIK6, STM32H563IIT3Q, STM32H563IIT6, STM32H563MIY3QTR, STM32H563RGT6, STM32H563RGV6, STM32H563RIT6, STM32H563RIV6, STM32H563VGT6, STM32H563VIT3Q, STM32H563VIT6, STM32H563ZGT6, STM32H563ZIT3Q, STM32H563ZIT6, STM32H573AII3Q, STM32H573AII6, STM32H573I-DK, STM32H573IIK3Q, STM32H573IIK6, STM32H573IIT3Q, STM32H573IIT6, STM32H573MIY3QTR, STM32H573RIT6, STM32H573RIV6, STM32H573VIT3Q, STM32H573VIT6, STM32H573ZIT3Q, STM32H573ZIT6, STM32H7R3A8I6, STM32H7R3I8K6, STM32H7R3I8T6, STM32H7R3L8H6, STM32H7R3L8H6H, STM32H7R3R8V6, STM32H7R3V8H6, STM32H7R3V8T6, STM32H7R3V8Y6TR, STM32H7R3Z8J6, STM32H7R3Z8T6, STM32H7R7A8I6, STM32H7R7I8K6, STM32H7R7I8T6, STM32H7R7L8H6, STM32H7R7L8H6H, STM32H7R7Z8J6, STM32H7S3A8I6, STM32H7S3I8K6, STM32H7S3I8T6, STM32H7S3L8H6, STM32H7S3L8H6H, STM32H7S3R8V6, STM32H7S3V8H6, STM32H7S3V8T6, STM32H7S3V8Y6TR, STM32H7S3Z8J6, STM32H7S3Z8T6, STM32H7S78-DK, STM32H7S7A8I6, STM32H7S7I8K6, STM32H7S7I8T6, STM32H7S7L8H6, STM32H7S7L8H6H, STM32H7S7Z8J6, STM32L4R5QGI6STR, STM32MP131AAE3, STM32MP131AAF3, STM32MP131AAG3, STM32MP131CAE3, STM32MP131CAF3, STM32MP131CAG3, STM32MP131DAE7, STM32MP131DAF7, STM32MP131DAG7, STM32MP131FAE7, STM32MP131FAF7, STM32MP131FAG7, STM32MP133AAE3, STM32MP133AAF3, STM32MP133AAG3, STM32MP133CAE3, STM32MP133CAF3, STM32MP133CAG3, STM32MP133DAE7, STM32MP133DAF7, STM32MP133DAG7, STM32MP133FAE7, STM32MP133FAF7, STM32MP133FAG7, STM32MP135AAE3, STM32MP135AAF3, STM32MP135AAG3, STM32MP135CAE3, STM32MP135CAF3, STM32MP135CAG3, STM32MP135DAE7, STM32MP135DAF7, STM32MP135DAG7, STM32MP135F-DK, STM32MP135FAE7, STM32MP135FAF7, STM32MP135FAF7T, STM32MP135FAF7U, STM32MP135FAG7, STM32MP211AAL3, STM32MP211AAM3, STM32MP211AAN3, STM32MP211AAO3, STM32MP211CAL3, STM32MP211CAM3, STM32MP211CAN3, STM32MP211CAO3, STM32MP211DAL3, STM32MP211DAM3, STM32MP211DAN3, STM32MP211DAO3, STM32MP211FAL3, STM32MP211FAM3, STM32MP211FAN3, STM32MP211FAO3, STM32MP213AAL3, STM32MP213AAM3, STM32MP213AAN3, STM32MP213AAO3, STM32MP213CAL3, STM32MP213CAM3, STM32MP213CAN3, STM32MP213CAO3, STM32MP213DAL3, STM32MP213DAM3, STM32MP213DAN3, STM32MP213DAO3, STM32MP213FAL3, STM32MP213FAM3, STM32MP213FAN3, STM32MP213FAO3, STM32MP215AAL3, STM32MP215AAM3, STM32MP215AAN3, STM32MP215AAO3, STM32MP215CAL3, STM32MP215CAM3, STM32MP215CAN3, STM32MP215CAO3, STM32MP215DAL3, STM32MP215DAM3, STM32MP215DAN3, STM32MP215DAO3, STM32MP215F-DK, STM32MP215FAL3, STM32MP215FAM3, STM32MP215FAN3, STM32MP215FAO3, STM32MP231AAJ3, STM32MP231AAK3, STM32MP231AAL3, STM32MP231CAJ3, STM32MP231CAK3, STM32MP231CAL3, STM32MP231DAJ3, STM32MP231DAK3, STM32MP231DAL3, STM32MP231FAJ3, STM32MP231FAK3, STM32MP231FAL3, STM32MP233AAJ3, STM32MP233AAK3, STM32MP233AAL3, STM32MP233CAJ3, STM32MP233CAK3, STM32MP233CAL3, STM32MP233DAJ3, STM32MP233DAK3, STM32MP233DAL3, STM32MP233FAJ3, STM32MP233FAK3, STM32MP233FAL3, STM32MP235AAJ3, STM32MP235AAK3, STM32MP235AAL3, STM32MP235CAJ3, STM32MP235CAK3, STM32MP235CAL3, STM32MP235DAJ3, STM32MP235DAK3, STM32MP235DAL3, STM32MP235FAJ3, STM32MP235FAK3, STM32MP235FAL3, STM32MP251AAI3, STM32MP251AAK3, STM32MP251AAL3, STM32MP251CAI3, STM32MP251CAK3, STM32MP251CAL3, STM32MP251DAI3, STM32MP251DAK3, STM32MP251DAL3, STM32MP251FAI3, STM32MP251FAK3, STM32MP251FAL3, STM32MP253AAI3, STM32MP253AAK3, STM32MP253AAL3, STM32MP253CAI3, STM32MP253CAK3, STM32MP253CAL3, STM32MP253DAI3, STM32MP253DAK3, STM32MP253DAL3, STM32MP253FAI3, STM32MP253FAK3, STM32MP253FAL3, STM32MP255AAI3, STM32MP255AAK3, STM32MP255AAL3, STM32MP255CAI3, STM32MP255CAK3, STM32MP255CAL3, STM32MP255DAI3, STM32MP255DAK3, STM32MP255DAL3, STM32MP255FAI3, STM32MP255FAK3, STM32MP255FAL3, STM32MP257AAI3, STM32MP257AAK3, STM32MP257AAL3, STM32MP257CAI3, STM32MP257CAK3, STM32MP257CAL3, STM32MP257DAI3, STM32MP257DAK3, STM32MP257DAL3, STM32MP257F-DK, STM32MP257F-EV1, STM32MP257FAI3, STM32MP257FAK3, STM32MP257FAL3, STM32N645A0H3Q, STM32N645B0H3Q, STM32N645I0H3Q, STM32N645L0H3Q, STM32N645X0H3Q, STM32N645Z0H3Q, STM32N647A0H3Q, STM32N647B0H3Q, STM32N647I0H3Q, STM32N647L0H3Q, STM32N647X0H3Q, STM32N647Z0H3Q, STM32N655A0H3Q, STM32N655B0H3Q, STM32N655I0H3Q, STM32N655L0H3Q, STM32N655X0H3Q, STM32N655Z0H3Q, STM32N6570-DK, STM32N657A0H3Q, STM32N657B0H3Q, STM32N657I0H3Q, STM32N657L0H3Q, STM32N657X0H3Q, STM32N657Z0H3Q, STM32U031C6T6, STM32U031C6U6, STM32U031C8T6, STM32U031C8U6, STM32U031F4P6, STM32U031F6P6, STM32U031F8P6, STM32U031G6Y6TR, STM32U031G8Y6TR, STM32U031K4U6, STM32U031K6U6, STM32U031K8U6, STM32U031R6I6, STM32U031R6T6, STM32U031R8I6, STM32U031R8T6, STM32U073C8T6, STM32U073C8U6, STM32U073CBT6, STM32U073CBU6, STM32U073CCT6, STM32U073CCU6, STM32U073H8Y6TR, STM32U073HBY6TR, STM32U073HCY6TR, STM32U073K8U6, STM32U073KBU6, STM32U073KCU6, STM32U073M8I6, STM32U073M8T6, STM32U073MBI6, STM32U073MBT6, STM32U073MCI6, STM32U073MCT6, STM32U073R8I6, STM32U073R8T6, STM32U073RBI6, STM32U073RBT6, STM32U073RCI6, STM32U073RCT6, STM32U083C-DK, STM32U083CCT6, STM32U083CCU6, STM32U083HCY6TR, STM32U083KCU6, STM32U083MCI6, STM32U083MCT6, STM32U083RCI6, STM32U083RCT6, STM32U375CET6, STM32U375CET6Q, STM32U375CEU6, STM32U375CEU6Q, STM32U375CEY6QTR, STM32U375CGT6, STM32U375CGT6Q, STM32U375CGU6, STM32U375CGU6Q, STM32U375CGY6QTR, STM32U375KEU6, STM32U375KGU6, STM32U375REI6, STM32U375REI6Q, STM32U375RET6, STM32U375RET6Q, STM32U375REY6GTR, STM32U375REY6QTR, STM32U375RGI6, STM32U375RGI6Q, STM32U375RGT6, STM32U375RGT6Q, STM32U375RGY6GTR, STM32U375RGY6QTR, STM32U375VEI6, STM32U375VEI6Q, STM32U375VET6, STM32U375VET6Q, STM32U375VGI6, STM32U375VGI6Q, STM32U375VGT6, STM32U375VGT6Q, STM32U385CGT6, STM32U385CGT6Q, STM32U385CGU6, STM32U385CGU6Q, STM32U385CGY6QTR, STM32U385KGU6, STM32U385RGI6, STM32U385RGI6Q, STM32U385RGT6, STM32U385RGT6Q, STM32U385RGY6GTR, STM32U385RGY6QTR, STM32U385VGI6, STM32U385VGI6Q, STM32U385VGT6, STM32U385VGT6Q, STM32U535CBT6, STM32U535CBT6Q, STM32U535CBU6, STM32U535CBU6Q, STM32U535CCT6, STM32U535CCT6Q, STM32U535CCU6, STM32U535CCU6Q, STM32U535CET6, STM32U535CET6Q, STM32U535CEU6, STM32U535CEU6Q, STM32U535JEY6QTR, STM32U535NCY6QTR, STM32U535NEY6QTR, STM32U535RBI6, STM32U535RBI6Q, STM32U535RBT6, STM32U535RBT6Q, STM32U535RCI6, STM32U535RCI6Q, STM32U535RCT6, STM32U535RCT6Q, STM32U535REI6, STM32U535REI6Q, STM32U535RET6, STM32U535RET6Q, STM32U535VCI6, STM32U535VCI6Q, STM32U535VCT6, STM32U535VCT6Q, STM32U535VEI6, STM32U535VEI6Q, STM32U535VET6, STM32U535VET6Q, STM32U545CET6, STM32U545CET6Q, STM32U545CEU6, STM32U545CEU6Q, STM32U545JEY6QTR, STM32U545NEY6QTR, STM32U545REI6, STM32U545REI6Q, STM32U545RET6, STM32U545RET6Q, STM32U545VEI6, STM32U545VEI6Q, STM32U545VET6, STM32U545VET6Q, STM32U595AIH6, STM32U595AIH6Q, STM32U595AJH6, STM32U595AJH6Q, STM32U595QII6, STM32U595QII6Q, STM32U595QJI6, STM32U595QJI6Q, STM32U595RIT6, STM32U595RIT6Q, STM32U595RJT6, STM32U595RJT6Q, STM32U595VIT6, STM32U595VIT6Q, STM32U595VJT6, STM32U595VJT6Q, STM32U595ZIT6, STM32U595ZIT6Q, STM32U595ZIY6QTR, STM32U595ZJT6, STM32U595ZJT6Q, STM32U595ZJY6QTR, STM32U599BJY6QTR, STM32U599NIH6Q, STM32U599NJH6Q, STM32U599VIT6Q, STM32U599VJT6, STM32U599VJT6Q, STM32U599ZIT6Q, STM32U599ZIY6QTR, STM32U599ZJT6Q, STM32U599ZJY6QTR, STM32U5A5AJH6, STM32U5A5AJH6Q, STM32U5A5QII3Q , STM32U5A5QJI6, STM32U5A5QJI6Q, STM32U5A5RJT6, STM32U5A5RJT6Q, STM32U5A5VJT6, STM32U5A5VJT6Q, STM32U5A5ZJT6, STM32U5A5ZJT6Q, STM32U5A5ZJY6QTR, STM32U5A9BJY6QTR, STM32U5A9J-DK, STM32U5A9NJH6Q, STM32U5A9VJT6Q, STM32U5A9ZJT6Q, STM32U5A9ZJY6QTR, STM32U5F7VIT6, STM32U5F7VIT6Q, STM32U5F7VJT6, STM32U5F7VJT6Q, STM32U5F9BJY6QTR, STM32U5F9NJH6Q, STM32U5F9VIT6Q, STM32U5F9VJT6Q, STM32U5F9ZIJ6QTR, STM32U5F9ZIT6Q, STM32U5F9ZJJ6QTR, STM32U5F9ZJT6Q, STM32U5G7VJT6, STM32U5G7VJT6Q, STM32U5G9BJY6QTR, STM32U5G9J-DK1, STM32U5G9J-DK2, STM32U5G9NJH6Q, STM32U5G9VJT6Q, STM32U5G9ZJJ6QTR, STM32U5G9ZJT6Q, STM32WB05KZV6TR, STM32WB05KZV7TR, STM32WB05TZF6TR, STM32WB05TZF7TR, STM32WB06CCF6TR, STM32WB06CCF7TR, STM32WB06CCV6TR, STM32WB06CCV7TR, STM32WB06KCV6TR, STM32WB06KCV7TR, STM32WB07CCF6TR, STM32WB07CCF7TR, STM32WB07CCV6TR, STM32WB07CCV7TR, STM32WB07KCV6TR, STM32WB07KCV7TR, STM32WB09KEV6TR, STM32WB09KEV7TR, STM32WB09TEF6TR, STM32WB09TEF7TR, STM32WB1MMCH6, STM32WBA50KGU6, STM32WBA50KGU6TR, STM32WBA52CEU6, STM32WBA52CEU6TR, STM32WBA52CEU7, STM32WBA52CEU7TR, STM32WBA52CGU6, STM32WBA52CGU6TR, STM32WBA52CGU6U, STM32WBA52CGU7, STM32WBA52CGU7TR, STM32WBA52KEU6, STM32WBA52KEU6TR, STM32WBA52KGU6, STM32WBA52KGU6TR, STM32WBA54CEU6, STM32WBA54CEU6TR, STM32WBA54CEU7, STM32WBA54CEU7TR, STM32WBA54CGU6, STM32WBA54CGU6TR, STM32WBA54CGU7, STM32WBA54CGU7TR, STM32WBA54KEU6, STM32WBA54KEU6TR, STM32WBA54KEU7, STM32WBA54KEU7TR, STM32WBA54KGU6, STM32WBA54KGU6TR, STM32WBA54KGU7, STM32WBA54KGU7TR, STM32WBA55CEU6, STM32WBA55CEU6TR, STM32WBA55CEU7, STM32WBA55CEU7TR, STM32WBA55CGU6, STM32WBA55CGU6TR, STM32WBA55CGU6U, STM32WBA55CGU7, STM32WBA55CGU7TR, STM32WBA55G-DK1, STM32WBA55HEF6, STM32WBA55HEF7, STM32WBA55HGF6, STM32WBA55HGF7, STM32WBA55UEI6, STM32WBA55UEI6TR, STM32WBA55UEI7, STM32WBA55UEI7TR, STM32WBA55UGI6, STM32WBA55UGI6TR, STM32WBA55UGI7, STM32WBA55UGI7TR, STM32WBA5MMGH6TR, STM32WBA62MGF6, STM32WBA62MIF6, STM32WBA65MGF7, STM32WBA65MIF6, STM32WBA65MIF7, STM32WL30K8V6, STM32WL30KBV6, STM32WL31C8V6, STM32WL31CBV6, STM32WL31K8V6, STM32WL31KBV6, STM32WL33C8V6, STM32WL33C8V6X, STM32WL33CBV6, STM32WL33CBV6X, STM32WL33CCV6, STM32WL33CCV6A, STM32WL33CCV6X, STM32WL33K8V7, STM32WL33K8V7X, STM32WL33KBV7 , STM32WL33KBV7X, STM32WL33KCV7, STM32WL33KCV7X, STM32WL5MOCH6, STM32WL5MOCH6TR]
2026-03-04 16:55:08,569 [INFO] BoardInfo:889 - No configuration file found for board P-NUCLEO-WB55
2026-03-04 16:55:08,570 [INFO] DbBoards:161 - Kit is not supported: P-NUCLEO-WB55
2026-03-04 16:55:08,572 [INFO] BoardInfo:889 - No configuration file found for board STEVAL-BFA001V1B
2026-03-04 16:55:08,572 [INFO] DbBoards:161 - Kit is not supported: STEVAL-BFA001V1B
2026-03-04 16:55:08,572 [INFO] BoardInfo:889 - No configuration file found for board STEVAL-BFA001V2B
2026-03-04 16:55:08,573 [INFO] DbBoards:161 - Kit is not supported: STEVAL-BFA001V2B
2026-03-04 16:55:08,631 [INFO] DbBoards:168 - Found 212 boards, 209 are supported
2026-03-04 16:55:08,632 [INFO] DbBoards:169 - Found 212 boards, 43 of them is supported for  Bsp
2026-03-04 16:55:08,635 [INFO] ApiDb:668 - CubeFinder database Data Model version=2.1
2026-03-04 16:55:08,635 [INFO] ApiDb:669 - CubeFinder database Configuration version=3.0.39
2026-03-04 16:55:08,635 [INFO] ApiDb:670 - CubeFinder database generation date=2025-07-24 (1753349077)
2026-03-04 16:55:08,635 [INFO] ApiDb:671 - CubeFinder database FW Pack versions=[FP-ATR-ASTRA1_V2.0.0, FP-SNS-FLIGHT1_V5.1.0, FP-SNS-MOTENV1_V5.0.0, FP-SNS-MOTENVWB1_V1.4.0, FP-SNS-SMARTAG2_V1.2.0, FP-SNS-STBOX1_V2.0.0, STM32Cube_FW_C0_V1.4.0, STM32Cube_FW_F4_V1.28.2, STM32Cube_FW_F7_V1.17.3, STM32Cube_FW_G0_V1.6.2, STM32Cube_FW_G4_V1.6.1, STM32Cube_FW_H5_V1.5.0, STM32Cube_FW_H7RS_V1.2.0, STM32Cube_FW_H7_V1.12.1, STM32Cube_FW_L0_V1.12.2, STM32Cube_FW_L4_V1.18.1, STM32Cube_FW_L5_V1.5.1, STM32Cube_FW_N6_V1.2.0, STM32Cube_FW_U0_V1.3.0, STM32Cube_FW_U3_V1.2.0, STM32Cube_FW_U5_V1.8.0, STM32Cube_FW_WB0_V1.3.0, STM32Cube_FW_WBA_V1.7.0, STM32Cube_FW_WB_V1.23.0, STM32Cube_FW_WL3_V1.2.0, STM32Cube_FW_WL_V1.3.1, X-CUBE-ALGOBUILD_V1.4.0, X-CUBE-ALS_V1.0.2, X-CUBE-AZRTOS-F4_V1.1.0, X-CUBE-AZRTOS-F7_V1.1.0, X-CUBE-AZRTOS-G0_V1.1.0, X-CUBE-AZRTOS-G4_V2.0.0, X-CUBE-AZRTOS-H7RS_V1.1.0, X-CUBE-AZRTOS-H7_V3.4.0, X-CUBE-AZRTOS-L4_V2.0.0, X-CUBE-AZRTOS-L5_V2.0.0, X-CUBE-AZRTOS-WB_V2.0.0, X-CUBE-AZRTOS-WL_V2.0.0, X-CUBE-BLE1_V7.1.0, X-CUBE-BLE2_V3.3.0, X-CUBE-BLEMGR_V4.1.0, X-CUBE-EEPRMA1_V5.2.0, X-CUBE-FREERTOS_V1.3.1, X-CUBE-GNSS1_V6.0.0, X-CUBE-MEMS1_V11.3.0, X-CUBE-NFC4_V3.0.0, X-CUBE-NFC7_V2.0.0, X-CUBE-SFXS2LP1_V4.0.0, X-CUBE-ST67W61_V1.0.0, X-CUBE-SUBG2_V5.0.0, X-CUBE-TOF1_V3.4.3]
2026-03-04 16:55:10,032 [INFO] ApiDb:240 - Found 880 in-development CPN: [B-G473E-ZEST1S, B-WB1M-WPAN1, B-WBA5M-WPAN, B-WL5M-SUBG1, NUCLEO-C031C6, NUCLEO-C051C8, NUCLEO-C071RB, NUCLEO-C092RC, NUCLEO-H503RB, NUCLEO-H533RE, NUCLEO-H563ZI, NUCLEO-H7S3L8, NUCLEO-N657X0-Q, NUCLEO-U031R8, NUCLEO-U083RC, NUCLEO-U385RG-Q, NUCLEO-U545RE-Q, NUCLEO-U5A5ZJ-Q, NUCLEO-WB05KZ, NUCLEO-WB07CC, NUCLEO-WB09KE, NUCLEO-WBA52CG, NUCLEO-WBA55CG, NUCLEO-WL33CC1, NUCLEO-WL33CC2, STEVAL-PROTEUS1, STEVAL-SMARTAG2, STEVAL-STWINBX1, STM320518-EVAL, STM32C0116-DK, STM32C011D6Y3TR, STM32C011D6Y6TR, STM32C011F4P3, STM32C011F4P6, STM32C011F4U3, STM32C011F4U6TR, STM32C011F6P3, STM32C011F6P6, STM32C011F6U3, STM32C011F6U6TR, STM32C011J4M3, STM32C011J4M6, STM32C011J6M3, STM32C011J6M6, STM32C0316-DK, STM32C031C4T3, STM32C031C4T6, STM32C031C4U3, STM32C031C4U6, STM32C031C6T3, STM32C031C6T6, STM32C031C6U3, STM32C031C6U6, STM32C031F4P3, STM32C031F4P6, STM32C031F6P3, STM32C031F6P6, STM32C031G4U3, STM32C031G4U6, STM32C031G6U3, STM32C031G6U6, STM32C031K4T3, STM32C031K4T6, STM32C031K4U3, STM32C031K4U6, STM32C031K6T3, STM32C031K6T6, STM32C031K6U3, STM32C031K6U6, STM32C051C6T6, STM32C051C6U6, STM32C051C8T6, STM32C051C8U6, STM32C051D8Y6TR, STM32C051F6P6, STM32C051F8P6, STM32C051G6U6, STM32C051G8U6, STM32C051K6T6, STM32C051K6U6, STM32C051K8T6, STM32C071C8T6, STM32C071C8T6N, STM32C071C8U6, STM32C071C8U6N, STM32C071CBT6, STM32C071CBT6N, STM32C071CBU6, STM32C071CBU6N, STM32C071F8P6, STM32C071F8P6N, STM32C071FBP6, STM32C071FBP6N, STM32C071FBY6TR, STM32C071G8U6, STM32C071G8U6N, STM32C071GBU6, STM32C071GBU6N, STM32C071K8T6, STM32C071K8T6N, STM32C071K8U6, STM32C071K8U6N, STM32C071KBT6, STM32C071KBT6N, STM32C071KBU6, STM32C071KBU6N, STM32C071R8T6, STM32C071R8T6N, STM32C071RBI6N, STM32C071RBT6, STM32C071RBT6N, STM32C091CBT6, STM32C091CBU6, STM32C091CCT6, STM32C091CCU6, STM32C091ECY6TR, STM32C091FBP6, STM32C091FCP6, STM32C091GBU6, STM32C091GCU6, STM32C091KBT6, STM32C091KBU6, STM32C091KCT6, STM32C091KCU6, STM32C091RBT6, STM32C091RCI6, STM32C091RCT6, STM32C092CBT6, STM32C092CBU6, STM32C092CCT6, STM32C092CCU6, STM32C092ECY6TR, STM32C092FBP6, STM32C092FCP6, STM32C092GBU6, STM32C092GCU6, STM32C092KBT6, STM32C092KBU6, STM32C092KCT6, STM32C092KCU6, STM32C092RBT6, STM32C092RCI6, STM32C092RCT6, STM32G071K8TXN, STM32G071K8UXN, STM32G081GBU6N, STM32G081KBT6N, STM32G081KBUXN, STM32G0B1CCT6N, STM32G0B1KCT6, STM32G0B1NEY6TR, STM32G0B1RCT6N, STM32G0C1CCT6, STM32G0C1CCT6N, STM32G0C1CCU6N, STM32G0C1CET6N, STM32G0C1CEU6N, STM32G0C1KCT6, STM32G0C1NEY6TR, STM32G0C1RCI6N, STM32G0C1RCT6N, STM32G0C1REI6N, STM32G0C1RET6N, STM32G0C1VCI6, STM32G0C1VEI6, STM32G411C6T3, STM32G411C6T6, STM32G411C6U3, STM32G411C6U6, STM32G411C8T3, STM32G411C8T6, STM32G411C8U3, STM32G411C8U6, STM32G411CBT3, STM32G411CBT6, STM32G411CBU3, STM32G411CBU6, STM32G411K6T3, STM32G411K6T6, STM32G411K6U3, STM32G411K6U6, STM32G411K8T3, STM32G411K8T6, STM32G411K8U3, STM32G411K8U6, STM32G411KBT3, STM32G411KBT6, STM32G411KBU3, STM32G411KBU6, STM32G411M6T3, STM32G411M6T6, STM32G411M8T3, STM32G411M8T6, STM32G411MBT3, STM32G411MBT6, STM32G411R6T3, STM32G411R6T6, STM32G411R8T3, STM32G411R8T6, STM32G411RBT3, STM32G411RBT6, STM32G414CBT3, STM32G414CBT6, STM32G414CBU3, STM32G414CBU6, STM32G414CCT3, STM32G414CCT6, STM32G414CCU3, STM32G414CCU6, STM32G414MBT3, STM32G414MBT6, STM32G414MCT3, STM32G414MCT6, STM32G414RBT3, STM32G414RBT6, STM32G414RCT3, STM32G414RCT6, STM32G414VBT3, STM32G414VBT6, STM32G414VCT3, STM32G414VCT6, STM32G431CBT3Z, STM32G431RBT3Z, STM32G471CCT6, STM32G471CCU6, STM32G471CET3, STM32G471CET6, STM32G471CEU3, STM32G471CEU6, STM32G471MCT6, STM32G471MET3, STM32G471MET6, STM32G471MEY6TR, STM32G471QCT6, STM32G471QET3, STM32G471RCT6, STM32G471RET3, STM32G471RET6, STM32G471VCH6, STM32G471VCI6, STM32G471VCT6, STM32G471VEH3, STM32G471VEH6, STM32G471VEI3, STM32G471VEI6, STM32G471VET3, STM32G471VET6, STM32G473QET3Z, STM32G473RET3Z, STM32G474CCT6, STM32G491RET3Z, STM32H503CBT6, STM32H503CBU6, STM32H503EBY6TR, STM32H503KBU6, STM32H503RBT6, STM32H523CCT6, STM32H523CCU6, STM32H523CET6, STM32H523CEU6, STM32H523HEY6TR, STM32H523RCT6, STM32H523RET6, STM32H523VCI6, STM32H523VCT6, STM32H523VEI6, STM32H523VET6, STM32H523ZCJ6, STM32H523ZCT6, STM32H523ZEJ6, STM32H523ZET6, STM32H533CET6, STM32H533CEU6, STM32H533HEY6TR, STM32H533RET6, STM32H533VEI6, STM32H533VET6, STM32H533ZEJ6, STM32H533ZET6, STM32H562AGI6, STM32H562AII6, STM32H562IGK6, STM32H562IGT6, STM32H562IIK6, STM32H562IIT6, STM32H562RGT6, STM32H562RGV6, STM32H562RIT6, STM32H562RIV6, STM32H562VGT6, STM32H562VIT6, STM32H562ZGT6, STM32H562ZIT6, STM32H563AGI6, STM32H563AII3Q, STM32H563AII6, STM32H563IGK6, STM32H563IGT6, STM32H563IIK3Q, STM32H563IIK6, STM32H563IIT3Q, STM32H563IIT6, STM32H563MIY3QTR, STM32H563RGT6, STM32H563RGV6, STM32H563RIT6, STM32H563RIV6, STM32H563VGT6, STM32H563VIT3Q, STM32H563VIT6, STM32H563ZGT6, STM32H563ZIT3Q, STM32H563ZIT6, STM32H573AII3Q, STM32H573AII6, STM32H573I-DK, STM32H573IIK3Q, STM32H573IIK6, STM32H573IIT3Q, STM32H573IIT6, STM32H573MIY3QTR, STM32H573RIT6, STM32H573RIV6, STM32H573VIT3Q, STM32H573VIT6, STM32H573ZIT3Q, STM32H573ZIT6, STM32H7R3A8I6, STM32H7R3I8K6, STM32H7R3I8T6, STM32H7R3L8H6, STM32H7R3L8H6H, STM32H7R3R8V6, STM32H7R3V8H6, STM32H7R3V8T6, STM32H7R3V8Y6TR, STM32H7R3Z8J6, STM32H7R3Z8T6, STM32H7R7A8I6, STM32H7R7I8K6, STM32H7R7I8T6, STM32H7R7L8H6, STM32H7R7L8H6H, STM32H7R7Z8J6, STM32H7S3A8I6, STM32H7S3I8K6, STM32H7S3I8T6, STM32H7S3L8H6, STM32H7S3L8H6H, STM32H7S3R8V6, STM32H7S3V8H6, STM32H7S3V8T6, STM32H7S3V8Y6TR, STM32H7S3Z8J6, STM32H7S3Z8T6, STM32H7S78-DK, STM32H7S7A8I6, STM32H7S7I8K6, STM32H7S7I8T6, STM32H7S7L8H6, STM32H7S7L8H6H, STM32H7S7Z8J6, STM32L4R5QGI6STR, STM32MP131AAE3, STM32MP131AAF3, STM32MP131AAG3, STM32MP131CAE3, STM32MP131CAF3, STM32MP131CAG3, STM32MP131DAE7, STM32MP131DAF7, STM32MP131DAG7, STM32MP131FAE7, STM32MP131FAF7, STM32MP131FAG7, STM32MP133AAE3, STM32MP133AAF3, STM32MP133AAG3, STM32MP133CAE3, STM32MP133CAF3, STM32MP133CAG3, STM32MP133DAE7, STM32MP133DAF7, STM32MP133DAG7, STM32MP133FAE7, STM32MP133FAF7, STM32MP133FAG7, STM32MP135AAE3, STM32MP135AAF3, STM32MP135AAG3, STM32MP135CAE3, STM32MP135CAF3, STM32MP135CAG3, STM32MP135DAE7, STM32MP135DAF7, STM32MP135DAG7, STM32MP135F-DK, STM32MP135FAE7, STM32MP135FAF7, STM32MP135FAF7T, STM32MP135FAF7U, STM32MP135FAG7, STM32MP211AAL3, STM32MP211AAM3, STM32MP211AAN3, STM32MP211AAO3, STM32MP211CAL3, STM32MP211CAM3, STM32MP211CAN3, STM32MP211CAO3, STM32MP211DAL3, STM32MP211DAM3, STM32MP211DAN3, STM32MP211DAO3, STM32MP211FAL3, STM32MP211FAM3, STM32MP211FAN3, STM32MP211FAO3, STM32MP213AAL3, STM32MP213AAM3, STM32MP213AAN3, STM32MP213AAO3, STM32MP213CAL3, STM32MP213CAM3, STM32MP213CAN3, STM32MP213CAO3, STM32MP213DAL3, STM32MP213DAM3, STM32MP213DAN3, STM32MP213DAO3, STM32MP213FAL3, STM32MP213FAM3, STM32MP213FAN3, STM32MP213FAO3, STM32MP215AAL3, STM32MP215AAM3, STM32MP215AAN3, STM32MP215AAO3, STM32MP215CAL3, STM32MP215CAM3, STM32MP215CAN3, STM32MP215CAO3, STM32MP215DAL3, STM32MP215DAM3, STM32MP215DAN3, STM32MP215DAO3, STM32MP215F-DK, STM32MP215FAL3, STM32MP215FAM3, STM32MP215FAN3, STM32MP215FAO3, STM32MP231AAJ3, STM32MP231AAK3, STM32MP231AAL3, STM32MP231CAJ3, STM32MP231CAK3, STM32MP231CAL3, STM32MP231DAJ3, STM32MP231DAK3, STM32MP231DAL3, STM32MP231FAJ3, STM32MP231FAK3, STM32MP231FAL3, STM32MP233AAJ3, STM32MP233AAK3, STM32MP233AAL3, STM32MP233CAJ3, STM32MP233CAK3, STM32MP233CAL3, STM32MP233DAJ3, STM32MP233DAK3, STM32MP233DAL3, STM32MP233FAJ3, STM32MP233FAK3, STM32MP233FAL3, STM32MP235AAJ3, STM32MP235AAK3, STM32MP235AAL3, STM32MP235CAJ3, STM32MP235CAK3, STM32MP235CAL3, STM32MP235DAJ3, STM32MP235DAK3, STM32MP235DAL3, STM32MP235FAJ3, STM32MP235FAK3, STM32MP235FAL3, STM32MP251AAI3, STM32MP251AAK3, STM32MP251AAL3, STM32MP251CAI3, STM32MP251CAK3, STM32MP251CAL3, STM32MP251DAI3, STM32MP251DAK3, STM32MP251DAL3, STM32MP251FAI3, STM32MP251FAK3, STM32MP251FAL3, STM32MP253AAI3, STM32MP253AAK3, STM32MP253AAL3, STM32MP253CAI3, STM32MP253CAK3, STM32MP253CAL3, STM32MP253DAI3, STM32MP253DAK3, STM32MP253DAL3, STM32MP253FAI3, STM32MP253FAK3, STM32MP253FAL3, STM32MP255AAI3, STM32MP255AAK3, STM32MP255AAL3, STM32MP255CAI3, STM32MP255CAK3, STM32MP255CAL3, STM32MP255DAI3, STM32MP255DAK3, STM32MP255DAL3, STM32MP255FAI3, STM32MP255FAK3, STM32MP255FAL3, STM32MP257AAI3, STM32MP257AAK3, STM32MP257AAL3, STM32MP257CAI3, STM32MP257CAK3, STM32MP257CAL3, STM32MP257DAI3, STM32MP257DAK3, STM32MP257DAL3, STM32MP257F-DK, STM32MP257F-EV1, STM32MP257FAI3, STM32MP257FAK3, STM32MP257FAL3, STM32N645A0H3Q, STM32N645B0H3Q, STM32N645I0H3Q, STM32N645L0H3Q, STM32N645X0H3Q, STM32N645Z0H3Q, STM32N647A0H3Q, STM32N647B0H3Q, STM32N647I0H3Q, STM32N647L0H3Q, STM32N647X0H3Q, STM32N647Z0H3Q, STM32N655A0H3Q, STM32N655B0H3Q, STM32N655I0H3Q, STM32N655L0H3Q, STM32N655X0H3Q, STM32N655Z0H3Q, STM32N6570-DK, STM32N657A0H3Q, STM32N657B0H3Q, STM32N657I0H3Q, STM32N657L0H3Q, STM32N657X0H3Q, STM32N657Z0H3Q, STM32U031C6T6, STM32U031C6U6, STM32U031C8T6, STM32U031C8U6, STM32U031F4P6, STM32U031F6P6, STM32U031F8P6, STM32U031G6Y6TR, STM32U031G8Y6TR, STM32U031K4U6, STM32U031K6U6, STM32U031K8U6, STM32U031R6I6, STM32U031R6T6, STM32U031R8I6, STM32U031R8T6, STM32U073C8T6, STM32U073C8U6, STM32U073CBT6, STM32U073CBU6, STM32U073CCT6, STM32U073CCU6, STM32U073H8Y6TR, STM32U073HBY6TR, STM32U073HCY6TR, STM32U073K8U6, STM32U073KBU6, STM32U073KCU6, STM32U073M8I6, STM32U073M8T6, STM32U073MBI6, STM32U073MBT6, STM32U073MCI6, STM32U073MCT6, STM32U073R8I6, STM32U073R8T6, STM32U073RBI6, STM32U073RBT6, STM32U073RCI6, STM32U073RCT6, STM32U083C-DK, STM32U083CCT6, STM32U083CCU6, STM32U083HCY6TR, STM32U083KCU6, STM32U083MCI6, STM32U083MCT6, STM32U083RCI6, STM32U083RCT6, STM32U375CET6, STM32U375CET6Q, STM32U375CEU6, STM32U375CEU6Q, STM32U375CEY6QTR, STM32U375CGT6, STM32U375CGT6Q, STM32U375CGU6, STM32U375CGU6Q, STM32U375CGY6QTR, STM32U375KEU6, STM32U375KGU6, STM32U375REI6, STM32U375REI6Q, STM32U375RET6, STM32U375RET6Q, STM32U375REY6GTR, STM32U375REY6QTR, STM32U375RGI6, STM32U375RGI6Q, STM32U375RGT6, STM32U375RGT6Q, STM32U375RGY6GTR, STM32U375RGY6QTR, STM32U375VEI6, STM32U375VEI6Q, STM32U375VET6, STM32U375VET6Q, STM32U375VGI6, STM32U375VGI6Q, STM32U375VGT6, STM32U375VGT6Q, STM32U385CGT6, STM32U385CGT6Q, STM32U385CGU6, STM32U385CGU6Q, STM32U385CGY6QTR, STM32U385KGU6, STM32U385RGI6, STM32U385RGI6Q, STM32U385RGT6, STM32U385RGT6Q, STM32U385RGY6GTR, STM32U385RGY6QTR, STM32U385VGI6, STM32U385VGI6Q, STM32U385VGT6, STM32U385VGT6Q, STM32U535CBT6, STM32U535CBT6Q, STM32U535CBU6, STM32U535CBU6Q, STM32U535CCT6, STM32U535CCT6Q, STM32U535CCU6, STM32U535CCU6Q, STM32U535CET6, STM32U535CET6Q, STM32U535CEU6, STM32U535CEU6Q, STM32U535JEY6QTR, STM32U535NCY6QTR, STM32U535NEY6QTR, STM32U535RBI6, STM32U535RBI6Q, STM32U535RBT6, STM32U535RBT6Q, STM32U535RCI6, STM32U535RCI6Q, STM32U535RCT6, STM32U535RCT6Q, STM32U535REI6, STM32U535REI6Q, STM32U535RET6, STM32U535RET6Q, STM32U535VCI6, STM32U535VCI6Q, STM32U535VCT6, STM32U535VCT6Q, STM32U535VEI6, STM32U535VEI6Q, STM32U535VET6, STM32U535VET6Q, STM32U545CET6, STM32U545CET6Q, STM32U545CEU6, STM32U545CEU6Q, STM32U545JEY6QTR, STM32U545NEY6QTR, STM32U545REI6, STM32U545REI6Q, STM32U545RET6, STM32U545RET6Q, STM32U545VEI6, STM32U545VEI6Q, STM32U545VET6, STM32U545VET6Q, STM32U595AIH6, STM32U595AIH6Q, STM32U595AJH6, STM32U595AJH6Q, STM32U595QII6, STM32U595QII6Q, STM32U595QJI6, STM32U595QJI6Q, STM32U595RIT6, STM32U595RIT6Q, STM32U595RJT6, STM32U595RJT6Q, STM32U595VIT6, STM32U595VIT6Q, STM32U595VJT6, STM32U595VJT6Q, STM32U595ZIT6, STM32U595ZIT6Q, STM32U595ZIY6QTR, STM32U595ZJT6, STM32U595ZJT6Q, STM32U595ZJY6QTR, STM32U599BJY6QTR, STM32U599NIH6Q, STM32U599NJH6Q, STM32U599VIT6Q, STM32U599VJT6, STM32U599VJT6Q, STM32U599ZIT6Q, STM32U599ZIY6QTR, STM32U599ZJT6Q, STM32U599ZJY6QTR, STM32U5A5AJH6, STM32U5A5AJH6Q, STM32U5A5QII3Q , STM32U5A5QJI6, STM32U5A5QJI6Q, STM32U5A5RJT6, STM32U5A5RJT6Q, STM32U5A5VJT6, STM32U5A5VJT6Q, STM32U5A5ZJT6, STM32U5A5ZJT6Q, STM32U5A5ZJY6QTR, STM32U5A9BJY6QTR, STM32U5A9J-DK, STM32U5A9NJH6Q, STM32U5A9VJT6Q, STM32U5A9ZJT6Q, STM32U5A9ZJY6QTR, STM32U5F7VIT6, STM32U5F7VIT6Q, STM32U5F7VJT6, STM32U5F7VJT6Q, STM32U5F9BJY6QTR, STM32U5F9NJH6Q, STM32U5F9VIT6Q, STM32U5F9VJT6Q, STM32U5F9ZIJ6QTR, STM32U5F9ZIT6Q, STM32U5F9ZJJ6QTR, STM32U5F9ZJT6Q, STM32U5G7VJT6, STM32U5G7VJT6Q, STM32U5G9BJY6QTR, STM32U5G9J-DK1, STM32U5G9J-DK2, STM32U5G9NJH6Q, STM32U5G9VJT6Q, STM32U5G9ZJJ6QTR, STM32U5G9ZJT6Q, STM32WB05KZV6TR, STM32WB05KZV7TR, STM32WB05TZF6TR, STM32WB05TZF7TR, STM32WB06CCF6TR, STM32WB06CCF7TR, STM32WB06CCV6TR, STM32WB06CCV7TR, STM32WB06KCV6TR, STM32WB06KCV7TR, STM32WB07CCF6TR, STM32WB07CCF7TR, STM32WB07CCV6TR, STM32WB07CCV7TR, STM32WB07KCV6TR, STM32WB07KCV7TR, STM32WB09KEV6TR, STM32WB09KEV7TR, STM32WB09TEF6TR, STM32WB09TEF7TR, STM32WB1MMCH6, STM32WBA50KGU6, STM32WBA50KGU6TR, STM32WBA52CEU6, STM32WBA52CEU6TR, STM32WBA52CEU7, STM32WBA52CEU7TR, STM32WBA52CGU6, STM32WBA52CGU6TR, STM32WBA52CGU6U, STM32WBA52CGU7, STM32WBA52CGU7TR, STM32WBA52KEU6, STM32WBA52KEU6TR, STM32WBA52KGU6, STM32WBA52KGU6TR, STM32WBA54CEU6, STM32WBA54CEU6TR, STM32WBA54CEU7, STM32WBA54CEU7TR, STM32WBA54CGU6, STM32WBA54CGU6TR, STM32WBA54CGU7, STM32WBA54CGU7TR, STM32WBA54KEU6, STM32WBA54KEU6TR, STM32WBA54KEU7, STM32WBA54KEU7TR, STM32WBA54KGU6, STM32WBA54KGU6TR, STM32WBA54KGU7, STM32WBA54KGU7TR, STM32WBA55CEU6, STM32WBA55CEU6TR, STM32WBA55CEU7, STM32WBA55CEU7TR, STM32WBA55CGU6, STM32WBA55CGU6TR, STM32WBA55CGU6U, STM32WBA55CGU7, STM32WBA55CGU7TR, STM32WBA55G-DK1, STM32WBA55HEF6, STM32WBA55HEF7, STM32WBA55HGF6, STM32WBA55HGF7, STM32WBA55UEI6, STM32WBA55UEI6TR, STM32WBA55UEI7, STM32WBA55UEI7TR, STM32WBA55UGI6, STM32WBA55UGI6TR, STM32WBA55UGI7, STM32WBA55UGI7TR, STM32WBA5MMGH6TR, STM32WBA62MGF6, STM32WBA62MIF6, STM32WBA65MGF7, STM32WBA65MIF6, STM32WBA65MIF7, STM32WL30K8V6, STM32WL30KBV6, STM32WL31C8V6, STM32WL31CBV6, STM32WL31K8V6, STM32WL31KBV6, STM32WL33C8V6, STM32WL33C8V6X, STM32WL33CBV6, STM32WL33CBV6X, STM32WL33CCV6, STM32WL33CCV6A, STM32WL33CCV6X, STM32WL33K8V7, STM32WL33K8V7X, STM32WL33KBV7 , STM32WL33KBV7X, STM32WL33KCV7, STM32WL33KCV7X, STM32WL5MOCH6, STM32WL5MOCH6TR]
2026-03-04 16:55:10,036 [INFO] DbMcus:218 - Found 4801 MCUs, 4801 are supported
2026-03-04 16:55:10,036 [INFO] ApiDb:423 - Load user favorites file /home/inakigb/.stm32cubeide/favorites.mcus.txt: 0 item(s)
2026-03-04 16:55:10,036 [INFO] ApiDb:427 - User favorites MCUs=[]
2026-03-04 16:55:10,036 [INFO] DbMcus:224 - Set 0 / 0 favorites MCUs
2026-03-04 16:55:10,286 [INFO] ApiDb:423 - Load user favorites file /home/inakigb/.stm32cubeide/favorites.boards.txt: 0 item(s)
2026-03-04 16:55:10,286 [INFO] ApiDb:427 - User favorites Boards=[]
2026-03-04 16:55:10,286 [INFO] DbBoards:198 - Set 0 / 0 favorites Boards
2026-03-04 16:55:10,342 [INFO] UtilMem:75 - End LoadConfig() Used Memory: 614802352 Bytes (772800512)
2026-03-04 16:55:10,468 [WARN] ThirdParty:833 - waiting for thirdparty lock release [change project]
2026-03-04 16:55:10,469 [INFO] ThirdParty:835 - entering critical section [change project]
2026-03-04 16:55:10,469 [INFO] ThirdParty:1030 - CMSIS Pack Vendor :STMicroelectronics X-CUBE-AZRTOS-H7 3.5.0
2026-03-04 16:55:10,469 [INFO] ThirdParty:1030 - CMSIS Pack Vendor :STMicroelectronics X-CUBE-PM33A1 1.0.0
2026-03-04 16:55:10,469 [INFO] ThirdParty:1030 - CMSIS Pack Vendor :STMicroelectronics USBPD 4.1
2026-03-04 16:55:10,469 [INFO] ThirdParty:1030 - CMSIS Pack Vendor :STMicroelectronics USB_HOST 2.0.0
2026-03-04 16:55:10,469 [INFO] ThirdParty:1030 - CMSIS Pack Vendor :STMicroelectronics FP-SNS-MOTENVWB1 1.4.0
2026-03-04 16:55:10,469 [INFO] ThirdParty:1030 - CMSIS Pack Vendor :STMicroelectronics X-CUBE-AZRTOS-F4 1.1.0
2026-03-04 16:55:10,469 [INFO] ThirdParty:1030 - CMSIS Pack Vendor :STMicroelectronics LIBJPEG 8.0.0
2026-03-04 16:55:10,469 [INFO] ThirdParty:1030 - CMSIS Pack Vendor :STMicroelectronics FP-ATR-ASTRA1 2.0.2
2026-03-04 16:55:10,469 [INFO] ThirdParty:1030 - CMSIS Pack Vendor :Avnet-IotConnect X-CUBE-IoTC-DA16k-PMOD 1.0.0
2026-03-04 16:55:10,469 [INFO] ThirdParty:1030 - CMSIS Pack Vendor :STMicroelectronics X-CUBE-SMBUS 2.1.0
2026-03-04 16:55:10,470 [INFO] ThirdParty:1030 - CMSIS Pack Vendor :STMicroelectronics X-CUBE-ISPU 2.1.0
2026-03-04 16:55:10,470 [INFO] ThirdParty:1030 - CMSIS Pack Vendor :STMicroelectronics X-CUBE-IPS 3.2.0
2026-03-04 16:55:10,470 [INFO] ThirdParty:1030 - CMSIS Pack Vendor :STMicroelectronics X-CUBE-ST60 1.0.0
2026-03-04 16:55:10,470 [INFO] ThirdParty:1030 - CMSIS Pack Vendor :STMicroelectronics X-CUBE-NFC12 1.0.0
2026-03-04 16:55:10,470 [INFO] ThirdParty:1030 - CMSIS Pack Vendor :STMicroelectronics X-CUBE-AZRTOS-F7 1.1.0
2026-03-04 16:55:10,470 [INFO] ThirdParty:1030 - CMSIS Pack Vendor :STMicroelectronics X-CUBE-AZRTOS-L5 2.0.0
2026-03-04 16:55:10,470 [INFO] ThirdParty:1030 - CMSIS Pack Vendor :STMicroelectronics USB_DEVICE 2.0.0
2026-03-04 16:55:10,470 [INFO] ThirdParty:1030 - CMSIS Pack Vendor :STMicroelectronics X-CUBE-NFC6 3.1.0
2026-03-04 16:55:10,470 [INFO] ThirdParty:1030 - CMSIS Pack Vendor :STMicroelectronics FP-SNS-MOTENV1 5.1.0
2026-03-04 16:55:10,470 [INFO] ThirdParty:1030 - CMSIS Pack Vendor :STMicroelectronics FreeRTOS 0.0.1
2026-03-04 16:55:10,470 [INFO] ThirdParty:1030 - CMSIS Pack Vendor :WES I-CUBE-Cesium 1.4.0
2026-03-04 16:55:10,470 [INFO] ThirdParty:1030 - CMSIS Pack Vendor :Infineon AIROC-Wi-Fi-Bluetooth-STM32 1.7.1
2026-03-04 16:55:10,470 [INFO] ThirdParty:1030 - CMSIS Pack Vendor :STMicroelectronics PDM2PCM 3.3.0
2026-03-04 16:55:10,470 [INFO] ThirdParty:1030 - CMSIS Pack Vendor :STMicroelectronics X-CUBE-AZRTOS-H7 3.4.0
2026-03-04 16:55:10,470 [INFO] ThirdParty:1030 - CMSIS Pack Vendor :STMicroelectronics X-CUBE-DISPLAY 3.0.0
2026-03-04 16:55:10,470 [INFO] ThirdParty:1030 - CMSIS Pack Vendor :STMicroelectronics FP-SNS-MOTENVWB1 1.5.0
2026-03-04 16:55:10,470 [INFO] ThirdParty:1030 - CMSIS Pack Vendor :STMicroelectronics X-CUBE-NFC10 1.0.0
2026-03-04 16:55:10,470 [INFO] ThirdParty:1030 - CMSIS Pack Vendor :STMicroelectronics X-CUBE-FREERTOS 1.3.1
2026-03-04 16:55:10,470 [INFO] ThirdParty:1030 - CMSIS Pack Vendor :STMicroelectronics HAL Drivers 0.0.0
2026-03-04 16:55:10,470 [INFO] ThirdParty:1030 - CMSIS Pack Vendor :STMicroelectronics X-CUBE-ST60 1.1.0
2026-03-04 16:55:10,471 [INFO] ThirdParty:1030 - CMSIS Pack Vendor :emotas I-CUBE-CANOPEN 1.3.0
2026-03-04 16:55:10,471 [INFO] ThirdParty:1030 - CMSIS Pack Vendor :STMicroelectronics MBEDTLS 2.14.1
2026-03-04 16:55:10,471 [INFO] ThirdParty:1030 - CMSIS Pack Vendor :STMicroelectronics X-CUBE-GNSS1 7.1.0
2026-03-04 16:55:10,471 [INFO] ThirdParty:1030 - CMSIS Pack Vendor :STMicroelectronics X-CUBE-TOUCHGFX 4.26.0
2026-03-04 16:55:10,471 [INFO] ThirdParty:1030 - CMSIS Pack Vendor :STMicroelectronics X-CUBE-TOUCHGFX 4.26.1
2026-03-04 16:55:10,471 [INFO] ThirdParty:1030 - CMSIS Pack Vendor :STMicroelectronics FP-SNS-STBOX1 2.1.0
2026-03-04 16:55:10,471 [INFO] ThirdParty:1030 - CMSIS Pack Vendor :STMicroelectronics FP-SNS-STAIOTCFT 1.0.0
2026-03-04 16:55:10,471 [INFO] ThirdParty:1030 - CMSIS Pack Vendor :STMicroelectronics FP-SNS-SMARTAG2 1.2.0
2026-03-04 16:55:10,471 [INFO] ThirdParty:1030 - CMSIS Pack Vendor :STMicroelectronics FP-SNS-FLIGHT1 5.1.0
2026-03-04 16:55:10,471 [INFO] ThirdParty:1030 - CMSIS Pack Vendor :STMicroelectronics X-CUBE-AZRTOS-WL 2.0.0
2026-03-04 16:55:10,471 [INFO] ThirdParty:1030 - CMSIS Pack Vendor :STMicroelectronics X-CUBE-DPower 1.3.0
2026-03-04 16:55:10,471 [INFO] ThirdParty:1030 - CMSIS Pack Vendor :STMicroelectronics FP-SNS-MOTENV1 5.0.0
2026-03-04 16:55:10,471 [INFO] ThirdParty:1030 - CMSIS Pack Vendor :STMicroelectronics USB_DEVICE 1.0.0
2026-03-04 16:55:10,471 [INFO] ThirdParty:1030 - CMSIS Pack Vendor :STMicroelectronics X-CUBE-AZRTOS-H7RS 1.2.0
2026-03-04 16:55:10,471 [INFO] ThirdParty:1030 - CMSIS Pack Vendor :STMicroelectronics X-CUBE-AZRTOS-L4 2.0.0
2026-03-04 16:55:10,471 [INFO] ThirdParty:1030 - CMSIS Pack Vendor :STMicroelectronics ThreadX 0.0.2
2026-03-04 16:55:10,471 [INFO] ThirdParty:1030 - CMSIS Pack Vendor :STMicroelectronics lwIP 2.1.2
2026-03-04 16:55:10,471 [INFO] ThirdParty:1030 - CMSIS Pack Vendor :STMicroelectronics X-CUBE-SFXS2LP1 4.0.0
2026-03-04 16:55:10,471 [INFO] ThirdParty:1030 - CMSIS Pack Vendor :STMicroelectronics X-CUBE-BLE2 3.3.0
2026-03-04 16:55:10,471 [INFO] ThirdParty:1030 - CMSIS Pack Vendor :Avnet-IOTCONNECT X-CUBE-iotc-st67-sdk 1.0.0
2026-03-04 16:55:10,471 [INFO] ThirdParty:1030 - CMSIS Pack Vendor :STMicroelectronics PDM2PCM 3.2.0
2026-03-04 16:55:10,471 [INFO] ThirdParty:1030 - CMSIS Pack Vendor :STMicroelectronics X-CUBE-ST67W61 1.2.0
2026-03-04 16:55:10,471 [INFO] ThirdParty:1030 - CMSIS Pack Vendor :STMicroelectronics X-CUBE-NFC9 1.0.0
2026-03-04 16:55:10,471 [INFO] ThirdParty:1030 - CMSIS Pack Vendor :wolfSSL I-CUBE-wolfSSL 5.8.2
2026-03-04 16:55:10,471 [INFO] ThirdParty:1030 - CMSIS Pack Vendor :STMicroelectronics X-CUBE-BLE1 7.1.0
2026-03-04 16:55:10,471 [INFO] ThirdParty:1030 - CMSIS Pack Vendor :wolfSSL I-CUBE-wolfMQTT 1.19.2
2026-03-04 16:55:10,472 [INFO] ThirdParty:1030 - CMSIS Pack Vendor :STMicroelectronics USB_DEVICE 3.0.0
2026-03-04 16:55:10,472 [INFO] ThirdParty:1030 - CMSIS Pack Vendor :STMicroelectronics X-CUBE-FREERTOS 1.4.0
2026-03-04 16:55:10,472 [INFO] ThirdParty:1030 - CMSIS Pack Vendor :STMicroelectronics X-CUBE-EEPRMA1 5.2.0
2026-03-04 16:55:10,472 [INFO] ThirdParty:1030 - CMSIS Pack Vendor :STMicroelectronics X-CUBE-BLEMGR 4.1.0
2026-03-04 16:55:10,472 [INFO] ThirdParty:1030 - CMSIS Pack Vendor :STMicroelectronics X-CUBE-AZRTOS-WB 2.0.0
2026-03-04 16:55:10,472 [INFO] ThirdParty:1030 - CMSIS Pack Vendor :STMicroelectronics X-CUBE-GNSS1 7.0.1
2026-03-04 16:55:10,472 [INFO] ThirdParty:1030 - CMSIS Pack Vendor :STMicroelectronics X-CUBE-TOUCHGFX 4.25.0
2026-03-04 16:55:10,472 [INFO] ThirdParty:1030 - CMSIS Pack Vendor :STMicroelectronics X-CUBE-ST67W61 1.1.0
2026-03-04 16:55:10,472 [INFO] ThirdParty:1030 - CMSIS Pack Vendor :quantropi X-CUBE-qispace-sdk-base 2.1.0
2026-03-04 16:55:10,472 [INFO] ThirdParty:1030 - CMSIS Pack Vendor :STMicroelectronics X-CUBE-MEMS1 12.0.0
2026-03-04 16:55:10,472 [INFO] ThirdParty:1030 - CMSIS Pack Vendor :STMicroelectronics X-CUBE-STSE01 2.0.0
2026-03-04 16:55:10,472 [INFO] ThirdParty:1030 - CMSIS Pack Vendor :STMicroelectronics X-CUBE-AZRTOS-G0 1.1.0
2026-03-04 16:55:10,472 [INFO] ThirdParty:1030 - CMSIS Pack Vendor :STMicroelectronics X-CUBE-SAFEA1 1.2.2
2026-03-04 16:55:10,472 [INFO] ThirdParty:1030 - CMSIS Pack Vendor :STMicroelectronics X-CUBE-NFC4 3.0.0
2026-03-04 16:55:10,472 [INFO] ThirdParty:1030 - CMSIS Pack Vendor :STMicroelectronics X-CUBE-SUBG2 5.0.0
2026-03-04 16:55:10,472 [INFO] ThirdParty:1030 - CMSIS Pack Vendor :STMicroelectronics X-CUBE-AZRTOS-H7RS 1.1.0
2026-03-04 16:55:10,472 [INFO] ThirdParty:1030 - CMSIS Pack Vendor :STMicroelectronics STM32_WPAN 1.0.0
2026-03-04 16:55:10,472 [INFO] ThirdParty:1030 - CMSIS Pack Vendor :EmbeddedOffice I-CUBE-FS-RTOS 1.0.1
2026-03-04 16:55:10,472 [INFO] ThirdParty:1030 - CMSIS Pack Vendor :STMicroelectronics lwIP 2.0.3
2026-03-04 16:55:10,472 [INFO] ThirdParty:1030 - CMSIS Pack Vendor :Cesanta I-CUBE-Mongoose 7.13.0
2026-03-04 16:55:10,472 [INFO] ThirdParty:1030 - CMSIS Pack Vendor :STMicroelectronics USB_HOST 1.0.0
2026-03-04 16:55:10,472 [INFO] ThirdParty:1030 - CMSIS Pack Vendor :STMicroelectronics X-CUBE-AZRTOS-G4 2.0.0
2026-03-04 16:55:10,472 [INFO] ThirdParty:1030 - CMSIS Pack Vendor :STMicroelectronics X-CUBE-WB05N 2.0.0
2026-03-04 16:55:10,472 [INFO] ThirdParty:1030 - CMSIS Pack Vendor :STMicroelectronics PDM2PCM 3.1.0
2026-03-04 16:55:10,472 [INFO] ThirdParty:1030 - CMSIS Pack Vendor :wolfSSL I-CUBE-wolfTPM 3.8.0
2026-03-04 16:55:10,473 [INFO] ThirdParty:1030 - CMSIS Pack Vendor :wolfSSL I-CUBE-wolfSSH 1.4.20
2026-03-04 16:55:10,473 [INFO] ThirdParty:1030 - CMSIS Pack Vendor :STMicroelectronics X-CUBE-NFC7 2.0.0
2026-03-04 16:55:10,473 [INFO] ThirdParty:1030 - CMSIS Pack Vendor :STMicroelectronics X-CUBE-TCPP 4.2.0
2026-03-04 16:55:10,473 [INFO] ThirdParty:1030 - CMSIS Pack Vendor :RealThread X-CUBE-RT-Thread_Nano 4.1.1
2026-03-04 16:55:10,473 [INFO] ThirdParty:1030 - CMSIS Pack Vendor :STMicroelectronics FP-ATR-SIGFOX1 3.2.0
2026-03-04 16:55:10,473 [INFO] ThirdParty:1030 - CMSIS Pack Vendor :STMicroelectronics X-CUBE-FREERTOS 1.5.0
2026-03-04 16:55:10,473 [INFO] ThirdParty:1030 - CMSIS Pack Vendor :STMicroelectronics MBEDTLS 2.16.2
2026-03-04 16:55:10,473 [INFO] ThirdParty:1030 - CMSIS Pack Vendor :STMicroelectronics X-CUBE-IPS 3.1.0
2026-03-04 16:55:10,473 [INFO] ThirdParty:1030 - CMSIS Pack Vendor :STMicroelectronics X-CUBE-ALS 1.0.2
2026-03-04 16:55:10,473 [INFO] ThirdParty:1030 - CMSIS Pack Vendor :ITTIA_DB I-CUBE-ITTIADB 8.9.0
2026-03-04 16:55:10,473 [INFO] ThirdParty:1030 - CMSIS Pack Vendor :STMicroelectronics X-CUBE-STSE01 1.0.0
2026-03-04 16:55:10,473 [INFO] ThirdParty:1030 - CMSIS Pack Vendor :portGmbH I-Cube-SoM-uGOAL 1.1.0
2026-03-04 16:55:10,473 [INFO] ThirdParty:1030 - CMSIS Pack Vendor :STMicroelectronics X-CUBE-NFC6 3.2.0
2026-03-04 16:55:10,473 [INFO] ThirdParty:1030 - CMSIS Pack Vendor :STMicroelectronics X-CUBE-ST67W61 1.0.0
2026-03-04 16:55:10,473 [INFO] ThirdParty:1030 - CMSIS Pack Vendor :STMicroelectronics X-CUBE-AI 10.2.0
2026-03-04 16:55:10,473 [INFO] ThirdParty:1030 - CMSIS Pack Vendor :STMicroelectronics ThreadX 1.0.0
2026-03-04 16:55:10,473 [INFO] ThirdParty:1030 - CMSIS Pack Vendor :SEGGER I-CUBE-embOS 1.3.1
2026-03-04 16:55:10,473 [INFO] ThirdParty:1030 - CMSIS Pack Vendor :STMicroelectronics X-CUBE-ALGOBUILD 1.4.0
2026-03-04 16:55:10,473 [INFO] ThirdParty:1030 - CMSIS Pack Vendor :STMicroelectronics X-CUBE-MEMS1 11.3.0
2026-03-04 16:55:10,473 [INFO] ThirdParty:1030 - CMSIS Pack Vendor :STMicroelectronics X-CUBE-TOF1 3.4.3
2026-03-04 16:55:10,474 [INFO] ThirdParty:841 - exiting critical section [change project]
2026-03-04 16:55:10,790 [INFO] PinOutPanel:1589 - setPackage(No Configuration,No Configuration)
2026-03-04 16:55:10,792 [INFO] PinOutPanel:1589 - setPackage(STM32F103RBTx,LQFP64)
2026-03-04 16:55:11,194 [INFO] UtilMem:75 - Before build in PCC Used Memory: 317969936 Bytes (772800512)
2026-03-04 16:55:11,968 [INFO] UtilMem:75 - After build in PCC Used Memory: 428306512 Bytes (772800512)
2026-03-04 16:55:12,029 [INFO] IPUIPlugin:80 - create IPUIPlugin
2026-03-04 16:55:12,029 [INFO] IPUIPlugin:80 - create IPUIPlugin
2026-03-04 16:55:12,029 [INFO] IPUIPlugin:80 - create IPUIPlugin
2026-03-04 16:55:12,030 [INFO] IPUIPlugin:80 - create IPUIPlugin
2026-03-04 16:55:12,030 [INFO] IPUIPlugin:80 - create IPUIPlugin
2026-03-04 16:55:12,030 [INFO] IPUIPlugin:80 - create IPUIPlugin
2026-03-04 16:55:12,030 [INFO] IPUIPlugin:80 - create IPUIPlugin
2026-03-04 16:55:12,030 [INFO] IPUIPlugin:80 - create IPUIPlugin
2026-03-04 16:55:12,031 [INFO] IPUIPlugin:80 - create IPUIPlugin
2026-03-04 16:55:12,031 [INFO] IPUIPlugin:80 - create IPUIPlugin
2026-03-04 16:55:12,031 [INFO] IPUIPlugin:80 - create IPUIPlugin
2026-03-04 16:55:12,031 [INFO] IPUIPlugin:80 - create IPUIPlugin
2026-03-04 16:55:12,032 [INFO] IPUIPlugin:80 - create IPUIPlugin
2026-03-04 16:55:12,032 [INFO] IPUIPlugin:80 - create IPUIPlugin
2026-03-04 16:55:12,032 [INFO] IPUIPlugin:80 - create IPUIPlugin
2026-03-04 16:55:12,033 [INFO] IPUIPlugin:80 - create IPUIPlugin
2026-03-04 16:55:12,034 [INFO] IPUIPlugin:80 - create IPUIPlugin
2026-03-04 16:55:12,034 [INFO] IPUIPlugin:80 - create IPUIPlugin
2026-03-04 16:55:12,034 [INFO] IPUIPlugin:80 - create IPUIPlugin
2026-03-04 16:55:12,034 [INFO] IPUIPlugin:80 - create IPUIPlugin
2026-03-04 16:55:12,034 [INFO] IPUIPlugin:80 - create IPUIPlugin
2026-03-04 16:55:12,035 [INFO] IPUIPlugin:80 - create IPUIPlugin
2026-03-04 16:55:12,035 [INFO] IPUIPlugin:80 - create IPUIPlugin
2026-03-04 16:55:12,035 [INFO] IPUIPlugin:80 - create IPUIPlugin
2026-03-04 16:55:12,036 [INFO] IPUIPlugin:80 - create IPUIPlugin
2026-03-04 16:55:12,036 [INFO] IPUIPlugin:80 - create IPUIPlugin
2026-03-04 16:55:12,037 [INFO] IPUIPlugin:80 - create IPUIPlugin
2026-03-04 16:55:12,335 [INFO] CADModel:165 - CPN selected for project levelSTM32F103RBT6
2026-03-04 16:55:12,335 [INFO] CADModel:114 - Register for checkConnection events
2026-03-04 16:55:12,377 [INFO] OpenFileManager:386 - Restore cursor
2026-03-04 16:55:18,615 [INFO] UtilMem:75 - End SaveConfig() Used Memory: 576546136 Bytes (772800512)
2026-03-04 16:55:19,835 [ERROR] AdobePublisher:162 - Exception while opening the connection: java.net.ConnectException: Connection refused
2026-03-04 16:55:19,836 [ERROR] AdobePublisher:162 - Exception while opening the connection: java.net.ConnectException: Connection refused
2026-03-04 16:55:19,836 [ERROR] AdobePublisher:162 - Exception while opening the connection: java.net.ConnectException: Connection refused
2026-03-04 16:55:19,836 [ERROR] AdobePublisher:162 - Exception while opening the connection: java.net.ConnectException: Connection refused
2026-03-04 16:55:19,837 [ERROR] AdobePublisher:162 - Exception while opening the connection: java.net.ConnectException: Connection refused
2026-03-04 16:55:22,361 [INFO] UtilMem:75 - End SaveConfig() Used Memory: 337641472 Bytes (772800512)
2026-03-04 16:55:28,422 [WARN] FileExtend:469 - File entry not found
2026-03-04 16:55:28,423 [INFO] FileExtend:248 - Unzip File : stm32cube_fw_f1_v180.zip
2026-03-04 16:55:28,423 [INFO] FileExtend:263 - Standard Zip Deflate
2026-03-04 16:55:31,287 [INFO] ServerAccessManage:452 - Complete download http(s) 200
2026-03-04 16:55:31,289 [INFO] ServerAccessManage:509 - Download File stm32cube_fw_f1_v187.zip
2026-03-04 16:55:35,865 [INFO] FileExtend:248 - Unzip File : stm32cube_fw_f1_v187.zip
2026-03-04 16:55:35,867 [INFO] FileExtend:263 - Standard Zip Deflate
2026-03-04 16:55:36,701 [ERROR] AdobePublisher:162 - Exception while opening the connection: java.net.ConnectException: Connection refused
2026-03-04 16:55:36,702 [ERROR] AdobePublisher:162 - Exception while opening the connection: java.net.ConnectException: Connection refused
2026-03-04 16:55:36,703 [ERROR] AdobePublisher:162 - Exception while opening the connection: java.net.ConnectException: Connection refused
2026-03-04 16:55:36,703 [ERROR] AdobePublisher:162 - Exception while opening the connection: java.net.ConnectException: Connection refused
2026-03-04 16:55:36,704 [ERROR] AdobePublisher:162 - Exception while opening the connection: java.net.ConnectException: Connection refused
2026-03-04 16:55:36,705 [ERROR] AdobePublisher:162 - Exception while opening the connection: java.net.ConnectException: Connection refused
2026-03-04 16:55:36,705 [ERROR] AdobePublisher:162 - Exception while opening the connection: java.net.ConnectException: Connection refused
2026-03-04 16:55:36,706 [ERROR] AdobePublisher:162 - Exception while opening the connection: java.net.ConnectException: Connection refused
2026-03-04 16:55:36,706 [ERROR] AdobePublisher:162 - Exception while opening the connection: java.net.ConnectException: Connection refused
2026-03-04 16:55:36,707 [ERROR] AdobePublisher:162 - Exception while opening the connection: java.net.ConnectException: Connection refused
2026-03-04 16:55:36,708 [ERROR] AdobePublisher:162 - Exception while opening the connection: java.net.ConnectException: Connection refused
2026-03-04 16:55:36,709 [ERROR] AdobePublisher:162 - Exception while opening the connection: java.net.ConnectException: Connection refused
2026-03-04 16:55:36,709 [ERROR] AdobePublisher:162 - Exception while opening the connection: java.net.ConnectException: Connection refused
2026-03-04 16:55:36,710 [ERROR] AdobePublisher:162 - Exception while opening the connection: java.net.ConnectException: Connection refused
2026-03-04 16:55:36,710 [ERROR] AdobePublisher:162 - Exception while opening the connection: java.net.ConnectException: Connection refused
2026-03-04 16:55:36,711 [ERROR] AdobePublisher:162 - Exception while opening the connection: java.net.ConnectException: Connection refused
2026-03-04 16:55:36,711 [ERROR] AdobePublisher:162 - Exception while opening the connection: java.net.ConnectException: Connection refused
2026-03-04 16:55:36,712 [ERROR] AdobePublisher:162 - Exception while opening the connection: java.net.ConnectException: Connection refused
2026-03-04 16:55:36,712 [ERROR] AdobePublisher:162 - Exception while opening the connection: java.net.ConnectException: Connection refused
2026-03-04 16:55:36,713 [ERROR] AdobePublisher:162 - Exception while opening the connection: java.net.ConnectException: Connection refused
2026-03-04 16:55:36,715 [INFO] LoadServerPackagesThread:196 - End of LoadServerPackages Thread
2026-03-04 16:55:36,955 [INFO] ThirdPartyModel:298 - Start build external matchings
2026-03-04 16:55:36,971 [INFO] UtilMem:75 - End SaveConfig() Used Memory: 427456120 Bytes (1073741824)
2026-03-04 16:55:37,693 [INFO] BlockDiagram:2775 - set Specific Code input for plugin: NVIC
2026-03-04 16:55:37,694 [INFO] BlockDiagram:2775 - set Specific Code input for plugin: USART
2026-03-04 16:55:37,694 [INFO] BlockDiagram:2775 - set Specific Code input for plugin: SYS
2026-03-04 16:55:37,696 [INFO] BlockDiagram:2775 - set Specific Code input for plugin: GPIO
2026-03-04 16:55:37,696 [INFO] BlockDiagram:2775 - set Specific Code input for plugin: RCC
2026-03-04 16:55:37,697 [INFO] CodeGenerator:892 - code generatio: config db path: /opt/st/stm32cubeide_1.19.0/plugins/com.st.stm32cube.common.mx_6.15.0.202507011659//db/
2026-03-04 16:55:37,935 [INFO] CodeEngine:265 - oldGeneratedFile, /home/inakigb/Desktop/tdse-tf_3-03/tdse-tf_3-03/MXTmpFiles/license.tmp_save
2026-03-04 16:55:38,024 [INFO] ThirdPartyModel:316 - End build external matchings
2026-03-04 16:55:38,064 [ERROR] AdobePublisher:162 - Exception while opening the connection: java.net.ConnectException: Connection refused
2026-03-04 16:55:38,065 [ERROR] AdobePublisher:162 - Exception while opening the connection: java.net.ConnectException: Connection refused
2026-03-04 16:55:38,066 [ERROR] AdobePublisher:162 - Exception while opening the connection: java.net.ConnectException: Connection refused
2026-03-04 16:55:38,067 [ERROR] AdobePublisher:162 - Exception while opening the connection: java.net.ConnectException: Connection refused
2026-03-04 16:55:38,069 [ERROR] AdobePublisher:162 - Exception while opening the connection: java.net.ConnectException: Connection refused
2026-03-04 16:55:38,093 [INFO] CheckServerUpdateThread:120 - End of CheckServer Thread
2026-03-04 16:55:38,589 [INFO] CodeEngine:289 - Generated code: /home/inakigb/Desktop/tdse-tf_3-03/tdse-tf_3-03/MXTmpFiles/license.tmp
2026-03-04 16:55:38,798 [INFO] CodeEngine:265 - oldGeneratedFile, /home/inakigb/Desktop/tdse-tf_3-03/tdse-tf_3-03/MXTmpFiles/gpio.tmp_save
2026-03-04 16:55:39,011 [INFO] CodeEngine:289 - Generated code: /home/inakigb/Desktop/tdse-tf_3-03/tdse-tf_3-03/MXTmpFiles/gpio.tmp
2026-03-04 16:55:39,192 [INFO] CodeEngine:265 - oldGeneratedFile, /home/inakigb/Desktop/tdse-tf_3-03/tdse-tf_3-03/Core/Src/stm32f1xx_it.c_save
2026-03-04 16:55:39,371 [INFO] CodeEngine:289 - Generated code: /home/inakigb/Desktop/tdse-tf_3-03/tdse-tf_3-03/Core/Src/stm32f1xx_it.c
2026-03-04 16:55:39,373 [INFO] CodeEngine:265 - oldGeneratedFile, /home/inakigb/Desktop/tdse-tf_3-03/tdse-tf_3-03/Core/Inc/stm32f1xx_it.h_save
2026-03-04 16:55:39,466 [INFO] CodeEngine:289 - Generated code: /home/inakigb/Desktop/tdse-tf_3-03/tdse-tf_3-03/Core/Inc/stm32f1xx_it.h
2026-03-04 16:55:39,477 [INFO] CodeEngine:265 - oldGeneratedFile, /home/inakigb/Desktop/tdse-tf_3-03/tdse-tf_3-03/Core/Src/stm32f1xx_hal_msp.c_save
2026-03-04 16:55:39,679 [INFO] CodeEngine:289 - Generated code: /home/inakigb/Desktop/tdse-tf_3-03/tdse-tf_3-03/Core/Src/stm32f1xx_hal_msp.c
2026-03-04 16:55:39,681 [INFO] CodeEngine:265 - oldGeneratedFile, /home/inakigb/Desktop/tdse-tf_3-03/tdse-tf_3-03/MXTmpFiles/system.tmp_save
2026-03-04 16:55:39,764 [INFO] CodeEngine:289 - Generated code: /home/inakigb/Desktop/tdse-tf_3-03/tdse-tf_3-03/MXTmpFiles/system.tmp
2026-03-04 16:55:39,770 [INFO] CodeEngine:321 - oldGeneratedFile, /home/inakigb/Desktop/tdse-tf_3-03/tdse-tf_3-03/Core/Inc/stm32f1xx_hal_conf.h_save
2026-03-04 16:55:39,861 [INFO] CodeEngine:345 - Generated code: /home/inakigb/Desktop/tdse-tf_3-03/tdse-tf_3-03/Core/Inc/stm32f1xx_hal_conf.h
2026-03-04 16:55:39,895 [INFO] ApiDbMcu:532 - Load IP Config File for USART2
2026-03-04 16:55:39,899 [INFO] ApiDbMcu:532 - Load IP Config File for RCC
2026-03-04 16:55:39,905 [INFO] CodeEngine:265 - oldGeneratedFile, /home/inakigb/Desktop/tdse-tf_3-03/tdse-tf_3-03/Core/Inc/main.h_save
2026-03-04 16:55:40,042 [INFO] CodeEngine:289 - Generated code: /home/inakigb/Desktop/tdse-tf_3-03/tdse-tf_3-03/Core/Inc/main.h
2026-03-04 16:55:40,045 [INFO] CodeEngine:265 - oldGeneratedFile, /home/inakigb/Desktop/tdse-tf_3-03/tdse-tf_3-03/Core/Src/main.c_save
2026-03-04 16:55:40,226 [INFO] CodeEngine:289 - Generated code: /home/inakigb/Desktop/tdse-tf_3-03/tdse-tf_3-03/Core/Src/main.c
2026-03-04 16:55:40,563 [INFO] ProjectBuilder:3606 - Time for Copy HAL[1] : 26mS.
2026-03-04 16:55:40,571 [INFO] ProjectBuilder:5216 - Project Generator version: 4.7.0-B52
2026-03-04 16:55:40,737 [INFO] ConfigFileManager:1595 - The Die is : DIE410
2026-03-04 16:55:40,761 [INFO] ApiDbMcu:532 - Load IP Config File for FATFS
2026-03-04 16:55:40,773 [INFO] ApiDbMcu:532 - Load IP Config File for FREERTOS
2026-03-04 16:55:40,785 [INFO] ApiDbMcu:532 - Load IP Config File for USB_DEVICE
2026-03-04 16:55:41,304 [INFO] LogOutputStream:77 - [STDOUT_REDIRECT] 
2026-03-04 16:55:42,931 [INFO] ProjectBuilder:5496 - Time for Generating toolchain IDE Files: 2359mS.
2026-03-04 16:55:42,932 [INFO] ProjectBuilder:3463 - Time for Copy CMSIS : 1mS.
2026-03-04 16:55:42,933 [INFO] ProjectBuilder:3463 - Time for Copy CMSIS : 0mS.
2026-03-04 18:15:35,709 [INFO] WebApp:194 - Connection lost
2026-03-04 19:15:27,722 [INFO] WebApp:191 - Connection restablished
2026-03-04 20:06:58,623 [ERROR] AdobePublisher:162 - Exception while opening the connection: java.net.ConnectException: Connection refused
2026-03-04 20:06:58,624 [ERROR] AdobePublisher:162 - Exception while opening the connection: java.net.ConnectException: Connection refused
2026-03-04 20:06:58,624 [ERROR] AdobePublisher:162 - Exception while opening the connection: java.net.ConnectException: Connection refused
2026-03-04 20:06:58,625 [ERROR] AdobePublisher:162 - Exception while opening the connection: java.net.ConnectException: Connection refused
2026-03-04 20:06:58,625 [ERROR] AdobePublisher:162 - Exception while opening the connection: java.net.ConnectException: Connection refused
2026-03-04 20:12:53,790 [INFO] MainUpdater:2872 - connection check result : 10
2026-03-04 20:12:53,790 [INFO] MainUpdater:2872 - connection check result : 10
2026-03-04 20:12:53,832 [INFO] MicroXplorer:468 - Change Database Path : 
2026-03-04 20:12:53,832 [INFO] MicroXplorer:498 - Change Database Version : DB.6.0.150
2026-03-04 20:12:53,866 [ERROR] ProjectManagerView:395 - 
java.lang.NullPointerException: Cannot invoke "javax.swing.JTextField.getText()" because the return value of "java.util.List.get(int)" is null
	at com.st.microxplorer.plugins.projectmanager.gui.ProjectChoiceTab$9.caretUpdate(ProjectChoiceTab.java:2706) ~[filemanager.jar:?]
	at javax.swing.text.JTextComponent.fireCaretUpdate(JTextComponent.java:408) ~[?:?]
	at javax.swing.text.JTextComponent$MutableCaretEvent.fire(JTextComponent.java:4484) ~[?:?]
	at javax.swing.text.JTextComponent$MutableCaretEvent.stateChanged(JTextComponent.java:4506) ~[?:?]
	at javax.swing.text.DefaultCaret.fireStateChanged(DefaultCaret.java:857) ~[?:?]
	at javax.swing.text.DefaultCaret.changeCaretPosition(DefaultCaret.java:1343) ~[?:?]
	at javax.swing.text.DefaultCaret.handleSetDot(DefaultCaret.java:1242) ~[?:?]
	at javax.swing.text.DefaultCaret.setDot(DefaultCaret.java:1223) ~[?:?]
	at javax.swing.text.DefaultCaret$Handler.insertUpdate(DefaultCaret.java:1819) ~[?:?]
	at javax.swing.text.AbstractDocument.fireInsertUpdate(AbstractDocument.java:227) ~[?:?]
	at javax.swing.text.AbstractDocument.handleInsertString(AbstractDocument.java:781) ~[?:?]
	at javax.swing.text.AbstractDocument.insertString(AbstractDocument.java:740) ~[?:?]
	at javax.swing.text.PlainDocument.insertString(PlainDocument.java:131) ~[?:?]
	at javax.swing.text.AbstractDocument.replace(AbstractDocument.java:699) ~[?:?]
	at javax.swing.text.JTextComponent.setText(JTextComponent.java:1725) ~[?:?]
	at com.st.microxplorer.plugins.projectmanager.gui.ProjectChoiceTab.createHeapStackFields(ProjectChoiceTab.java:993) ~[filemanager.jar:?]
	at com.st.microxplorer.plugins.projectmanager.gui.ProjectChoiceTab.buildLinkSettingsPanel(ProjectChoiceTab.java:3813) ~[filemanager.jar:?]
	at com.st.microxplorer.plugins.projectmanager.gui.ProjectChoiceTab.defineWindowsFields(ProjectChoiceTab.java:1987) ~[filemanager.jar:?]
	at com.st.microxplorer.plugins.projectmanager.gui.ProjectChoiceTab.updateSettings(ProjectChoiceTab.java:558) ~[filemanager.jar:?]
	at com.st.microxplorer.plugins.projectmanager.gui.ProjectSettingsPanel.UpdateDialog(ProjectSettingsPanel.java:247) ~[filemanager.jar:?]
	at com.st.microxplorer.plugins.projectmanager.ProjectManagerView.propertyChange(ProjectManagerView.java:392) ~[filemanager.jar:?]
	at java.beans.PropertyChangeSupport.fire(PropertyChangeSupport.java:343) ~[?:?]
	at java.beans.PropertyChangeSupport.firePropertyChange(PropertyChangeSupport.java:335) ~[?:?]
	at java.beans.PropertyChangeSupport.firePropertyChange(PropertyChangeSupport.java:268) ~[?:?]
	at com.st.microxplorer.util.MXPropertyChangeSupport.firePropertyChange(MXPropertyChangeSupport.java:54) ~[STM32CubeMX.jar:?]
	at com.st.microxplorer.mxsystem.MxSystem.closeConfig(MxSystem.java:899) ~[STM32CubeMX.jar:?]
	at com.st.microxplorer.maingui.MainPanel.closeConfig(MainPanel.java:792) ~[STM32CubeMX.jar:?]
	at com.st.microxplorer.plugins.filemanager.engine.OpenFileManager.loadConfigurationFile(OpenFileManager.java:288) ~[filemanager.jar:?]
	at com.st.microxplorer.plugins.filemanager.engine.MainFileManager.userLoadConfig(MainFileManager.java:364) ~[filemanager.jar:?]
	at com.st.microxplorer.plugins.filemanager.engine.MainFileManager.userLoadConfig(MainFileManager.java:342) ~[filemanager.jar:?]
	at com.st.microxplorer.plugins.filemanager.FileManagerView.getSpecificTask(FileManagerView.java:264) ~[filemanager.jar:?]
	at com.st.stm32cube.common.mx.editor.CubeMxEditor.getMxTabbedPaneInstance(CubeMxEditor.java:1198) ~[com.st.stm32cube.common.mx_6.15.0.202507011659/:?]
	at com.st.stm32cube.common.mx.editor.CubeMxEditor$12$1.createSwingComponent(CubeMxEditor.java:1068) ~[com.st.stm32cube.common.mx_6.15.0.202507011659/:?]
	at com.st.stm32cube.common.mx.oss.core.awtswtbridge.EmbeddedSwingComposite.doComponentCreation(EmbeddedSwingComposite.java:492) ~[com.st.stm32cube.common.mx.oss_6.15.0.202507011659/:?]
	at com.st.stm32cube.common.mx.oss.core.awtswtbridge.EmbeddedSwingComposite$4.run(EmbeddedSwingComposite.java:291) ~[com.st.stm32cube.common.mx.oss_6.15.0.202507011659/:?]
	at com.st.stm32cube.common.mx.oss.core.awtswtbridge.AwtEnvironment$2.run(AwtEnvironment.java:166) ~[com.st.stm32cube.common.mx.oss_6.15.0.202507011659/:?]
	at java.awt.event.InvocationEvent.dispatch(InvocationEvent.java:318) ~[?:?]
	at java.awt.EventQueue.dispatchEventImpl(EventQueue.java:773) ~[?:?]
	at java.awt.EventQueue$4.run(EventQueue.java:720) ~[?:?]
	at java.awt.EventQueue$4.run(EventQueue.java:714) ~[?:?]
	at java.security.AccessController.doPrivileged(AccessController.java:400) ~[?:?]
	at java.security.ProtectionDomain$JavaSecurityAccessImpl.doIntersectionPrivilege(ProtectionDomain.java:87) ~[?:?]
	at java.awt.EventQueue.dispatchEvent(EventQueue.java:742) ~[?:?]
	at java.awt.EventDispatchThread.pumpOneEventForFilters(EventDispatchThread.java:203) ~[?:?]
	at java.awt.EventDispatchThread.pumpEventsForFilter(EventDispatchThread.java:124) ~[?:?]
	at java.awt.EventDispatchThread.pumpEventsForHierarchy(EventDispatchThread.java:113) ~[?:?]
	at java.awt.EventDispatchThread.pumpEvents(EventDispatchThread.java:109) ~[?:?]
	at java.awt.EventDispatchThread.pumpEvents(EventDispatchThread.java:101) ~[?:?]
	at java.awt.EventDispatchThread.run(EventDispatchThread.java:90) ~[?:?]
2026-03-04 20:12:53,881 [WARN] ThirdParty:871 - waiting for thirdparty lock release [close project]
2026-03-04 20:12:53,881 [INFO] ThirdParty:873 - entering critical section [close project]
2026-03-04 20:12:53,881 [INFO] ThirdParty:883 - exiting critical section [close project]
2026-03-04 20:12:53,884 [INFO] PinOutPanel:1589 - setPackage(No Configuration,No Configuration)
2026-03-04 20:12:53,894 [INFO] UtilMem:75 - Begin LoadConfig() Used Memory: 575546520 Bytes (796917760)
2026-03-04 20:12:53,895 [INFO] MicroXplorer:468 - Change Database Path : 
2026-03-04 20:12:53,896 [INFO] MicroXplorer:498 - Change Database Version : DB.6.0.150
2026-03-04 20:12:53,896 [INFO] OpenFileManager:355 - Change cursor
2026-03-04 20:12:53,917 [INFO] RulesReader:64 - Compatibility file has been processed (317 Rules)
2026-03-04 20:12:53,922 [INFO] Mcu:2029 - Initializing MCU STM32F103R(8-B)Tx STM32F103RBTx STM32F103RBT6
2026-03-04 20:12:54,209 [INFO] Context:786 - Trying to add GPIOservice into a context  which must be forbidden
2026-03-04 20:12:54,314 [INFO] ImportTextPane:234 - (OptionalMessage_ERROR) Pin22 (VP_RIF_VS_RIF1) cannot be retrieved for this MCU
2026-03-04 20:12:54,339 [INFO] RtosManager:558 - Registered RTOS mode: class=CMSIS, group=RTOS, mode=CMSIS_V1, owner=FREERTOS
2026-03-04 20:12:54,340 [INFO] RtosManager:558 - Registered RTOS mode: class=CMSIS, group=RTOS2, mode=CMSIS_V2, owner=FREERTOS
2026-03-04 20:12:54,340 [INFO] RtosManager:558 - Registered RTOS mode: class=RTOS, group=Core, mode=CMSIS_V1, owner=FREERTOS
2026-03-04 20:12:54,340 [INFO] RtosManager:558 - Registered RTOS mode: class=RTOS, group=Core, mode=CMSIS_V2, owner=FREERTOS
2026-03-04 20:12:54,340 [WARN] ModelIntegratedComponent:184 - Missing modes for component STMicroelectronics:FreeRTOS:0.0.1:STMicroelectronics:RTOS:FreeRTOS:Core:::10.2.0:
2026-03-04 20:12:54,347 [WARN] ModelIntegratedComponent:63 - No mode defined for component null
2026-03-04 20:12:54,348 [WARN] ModelIntegratedComponent:63 - No mode defined for component null
2026-03-04 20:12:54,348 [WARN] ModelIntegratedComponent:63 - No mode defined for component null
2026-03-04 20:12:54,348 [WARN] ModelIntegratedComponent:63 - No mode defined for component null
2026-03-04 20:12:54,348 [WARN] ModelIntegratedComponent:63 - No mode defined for component null
2026-03-04 20:12:54,348 [WARN] ModelIntegratedComponent:63 - No mode defined for component null
2026-03-04 20:12:54,348 [WARN] ModelIntegratedComponent:63 - No mode defined for component null
2026-03-04 20:12:54,348 [WARN] ModelIntegratedComponent:63 - No mode defined for component null
2026-03-04 20:12:54,348 [WARN] ModelIntegratedComponent:63 - No mode defined for component null
2026-03-04 20:12:54,348 [WARN] ModelIntegratedComponent:63 - No mode defined for component null
2026-03-04 20:12:54,348 [WARN] ModelIntegratedComponent:63 - No mode defined for component null
2026-03-04 20:12:54,348 [WARN] ModelIntegratedComponent:63 - No mode defined for component null
2026-03-04 20:12:54,348 [WARN] ModelIntegratedComponent:63 - No mode defined for component null
2026-03-04 20:12:54,348 [WARN] ModelIntegratedComponent:63 - No mode defined for component null
2026-03-04 20:12:54,348 [WARN] ModelIntegratedComponent:63 - No mode defined for component null
2026-03-04 20:12:54,348 [WARN] ModelIntegratedComponent:63 - No mode defined for component null
2026-03-04 20:12:54,348 [WARN] ModelIntegratedComponent:63 - No mode defined for component null
2026-03-04 20:12:54,348 [WARN] ModelIntegratedComponent:63 - No mode defined for component null
2026-03-04 20:12:54,348 [WARN] ModelIntegratedComponent:63 - No mode defined for component null
2026-03-04 20:12:54,348 [WARN] ModelIntegratedComponent:63 - No mode defined for component null
2026-03-04 20:12:54,348 [WARN] ModelIntegratedComponent:63 - No mode defined for component null
2026-03-04 20:12:54,348 [WARN] ModelIntegratedComponent:63 - No mode defined for component null
2026-03-04 20:12:54,349 [WARN] ModelIntegratedComponent:63 - No mode defined for component null
2026-03-04 20:12:54,349 [WARN] ModelIntegratedComponent:63 - No mode defined for component null
2026-03-04 20:12:54,349 [WARN] ModelIntegratedComponent:63 - No mode defined for component null
2026-03-04 20:12:54,349 [WARN] ModelIntegratedComponent:63 - No mode defined for component null
2026-03-04 20:12:54,349 [WARN] ModelIntegratedComponent:63 - No mode defined for component null
2026-03-04 20:12:54,349 [WARN] ModelIntegratedComponent:63 - No mode defined for component null
2026-03-04 20:12:54,349 [WARN] ModelIntegratedComponent:63 - No mode defined for component null
2026-03-04 20:12:54,349 [WARN] ModelIntegratedComponent:63 - No mode defined for component null
2026-03-04 20:12:54,349 [WARN] ModelIntegratedComponent:63 - No mode defined for component null
2026-03-04 20:12:54,349 [WARN] ModelIntegratedComponent:63 - No mode defined for component null
2026-03-04 20:12:54,349 [WARN] ModelIntegratedComponent:63 - No mode defined for component null
2026-03-04 20:12:54,349 [WARN] ModelIntegratedComponent:63 - No mode defined for component null
2026-03-04 20:12:54,349 [WARN] ModelIntegratedComponent:63 - No mode defined for component null
2026-03-04 20:12:54,349 [WARN] ModelPack:524 - Component already loaded: STMicroelectronics:HAL Drivers:0.0.0:STMicroelectronics:Device:STMicro_Driver:XSPI:HAL::0.0.1:HAL_XSPI
2026-03-04 20:12:54,443 [INFO] ThirdPartyModel:298 - Start build external matchings
2026-03-04 20:12:54,787 [INFO] ThirdPartyModel:316 - End build external matchings
2026-03-04 20:12:54,800 [INFO] ImportTextPane:234 - (OptionalMessage_ERROR) IP (RCC) : Parameter (ADCFreqValue) has invalid value (32000000)
2026-03-04 20:12:54,800 [INFO] ImportTextPane:234 - (OptionalMessage_ERROR) IP (RCC) : Invalid parameter (FamilyName)
2026-03-04 20:12:54,800 [INFO] ImportTextPane:234 - (OptionalMessage_ERROR) IP (RCC) : Parameter (MCOFreq_Value) has invalid value (64000000)
2026-03-04 20:12:54,800 [INFO] ImportTextPane:234 - (OptionalMessage_ERROR) IP (RCC) : Parameter (USBFreq_Value) has invalid value (64000000)
2026-03-04 20:12:54,872 [INFO] UtilMem:75 - End LoadConfig() Used Memory: 627986880 Bytes (796917760)
2026-03-04 20:12:54,880 [WARN] ThirdParty:833 - waiting for thirdparty lock release [change project]
2026-03-04 20:12:54,881 [INFO] ThirdParty:835 - entering critical section [change project]
2026-03-04 20:12:54,881 [INFO] ThirdParty:1030 - CMSIS Pack Vendor :STMicroelectronics X-CUBE-AZRTOS-H7 3.5.0
2026-03-04 20:12:54,881 [INFO] ThirdParty:1030 - CMSIS Pack Vendor :STMicroelectronics X-CUBE-PM33A1 1.0.0
2026-03-04 20:12:54,881 [INFO] ThirdParty:1030 - CMSIS Pack Vendor :STMicroelectronics USBPD 4.1
2026-03-04 20:12:54,881 [INFO] ThirdParty:1030 - CMSIS Pack Vendor :STMicroelectronics USB_HOST 2.0.0
2026-03-04 20:12:54,881 [INFO] ThirdParty:1030 - CMSIS Pack Vendor :STMicroelectronics FP-SNS-MOTENVWB1 1.4.0
2026-03-04 20:12:54,881 [INFO] ThirdParty:1030 - CMSIS Pack Vendor :STMicroelectronics X-CUBE-AZRTOS-F4 1.1.0
2026-03-04 20:12:54,881 [INFO] ThirdParty:1030 - CMSIS Pack Vendor :STMicroelectronics LIBJPEG 8.0.0
2026-03-04 20:12:54,881 [INFO] ThirdParty:1030 - CMSIS Pack Vendor :STMicroelectronics FP-ATR-ASTRA1 2.0.2
2026-03-04 20:12:54,881 [INFO] ThirdParty:1030 - CMSIS Pack Vendor :Avnet-IotConnect X-CUBE-IoTC-DA16k-PMOD 1.0.0
2026-03-04 20:12:54,881 [INFO] ThirdParty:1030 - CMSIS Pack Vendor :STMicroelectronics X-CUBE-SMBUS 2.1.0
2026-03-04 20:12:54,881 [INFO] ThirdParty:1030 - CMSIS Pack Vendor :STMicroelectronics X-CUBE-ISPU 2.1.0
2026-03-04 20:12:54,881 [INFO] ThirdParty:1030 - CMSIS Pack Vendor :STMicroelectronics X-CUBE-IPS 3.2.0
2026-03-04 20:12:54,881 [INFO] ThirdParty:1030 - CMSIS Pack Vendor :STMicroelectronics X-CUBE-ST60 1.0.0
2026-03-04 20:12:54,882 [INFO] ThirdParty:1030 - CMSIS Pack Vendor :STMicroelectronics X-CUBE-NFC12 1.0.0
2026-03-04 20:12:54,882 [INFO] ThirdParty:1030 - CMSIS Pack Vendor :STMicroelectronics X-CUBE-AZRTOS-F7 1.1.0
2026-03-04 20:12:54,882 [INFO] ThirdParty:1030 - CMSIS Pack Vendor :STMicroelectronics X-CUBE-AZRTOS-L5 2.0.0
2026-03-04 20:12:54,882 [INFO] ThirdParty:1030 - CMSIS Pack Vendor :STMicroelectronics USB_DEVICE 2.0.0
2026-03-04 20:12:54,882 [INFO] ThirdParty:1030 - CMSIS Pack Vendor :STMicroelectronics X-CUBE-NFC6 3.1.0
2026-03-04 20:12:54,882 [INFO] ThirdParty:1030 - CMSIS Pack Vendor :STMicroelectronics FP-SNS-MOTENV1 5.1.0
2026-03-04 20:12:54,882 [INFO] ThirdParty:1030 - CMSIS Pack Vendor :STMicroelectronics FreeRTOS 0.0.1
2026-03-04 20:12:54,882 [INFO] ThirdParty:1030 - CMSIS Pack Vendor :WES I-CUBE-Cesium 1.4.0
2026-03-04 20:12:54,882 [INFO] ThirdParty:1030 - CMSIS Pack Vendor :Infineon AIROC-Wi-Fi-Bluetooth-STM32 1.7.1
2026-03-04 20:12:54,882 [INFO] ThirdParty:1030 - CMSIS Pack Vendor :STMicroelectronics PDM2PCM 3.3.0
2026-03-04 20:12:54,882 [INFO] ThirdParty:1030 - CMSIS Pack Vendor :STMicroelectronics X-CUBE-AZRTOS-H7 3.4.0
2026-03-04 20:12:54,882 [INFO] ThirdParty:1030 - CMSIS Pack Vendor :STMicroelectronics X-CUBE-DISPLAY 3.0.0
2026-03-04 20:12:54,882 [INFO] ThirdParty:1030 - CMSIS Pack Vendor :STMicroelectronics FP-SNS-MOTENVWB1 1.5.0
2026-03-04 20:12:54,882 [INFO] ThirdParty:1030 - CMSIS Pack Vendor :STMicroelectronics X-CUBE-NFC10 1.0.0
2026-03-04 20:12:54,882 [INFO] ThirdParty:1030 - CMSIS Pack Vendor :STMicroelectronics X-CUBE-FREERTOS 1.3.1
2026-03-04 20:12:54,882 [INFO] ThirdParty:1030 - CMSIS Pack Vendor :STMicroelectronics HAL Drivers 0.0.0
2026-03-04 20:12:54,882 [INFO] ThirdParty:1030 - CMSIS Pack Vendor :STMicroelectronics X-CUBE-ST60 1.1.0
2026-03-04 20:12:54,882 [INFO] ThirdParty:1030 - CMSIS Pack Vendor :emotas I-CUBE-CANOPEN 1.3.0
2026-03-04 20:12:54,883 [INFO] ThirdParty:1030 - CMSIS Pack Vendor :STMicroelectronics MBEDTLS 2.14.1
2026-03-04 20:12:54,883 [INFO] ThirdParty:1030 - CMSIS Pack Vendor :STMicroelectronics X-CUBE-GNSS1 7.1.0
2026-03-04 20:12:54,883 [INFO] ThirdParty:1030 - CMSIS Pack Vendor :STMicroelectronics X-CUBE-TOUCHGFX 4.26.0
2026-03-04 20:12:54,883 [INFO] ThirdParty:1030 - CMSIS Pack Vendor :STMicroelectronics X-CUBE-TOUCHGFX 4.26.1
2026-03-04 20:12:54,883 [INFO] ThirdParty:1030 - CMSIS Pack Vendor :STMicroelectronics FP-SNS-STBOX1 2.1.0
2026-03-04 20:12:54,883 [INFO] ThirdParty:1030 - CMSIS Pack Vendor :STMicroelectronics FP-SNS-STAIOTCFT 1.0.0
2026-03-04 20:12:54,883 [INFO] ThirdParty:1030 - CMSIS Pack Vendor :STMicroelectronics FP-SNS-SMARTAG2 1.2.0
2026-03-04 20:12:54,883 [INFO] ThirdParty:1030 - CMSIS Pack Vendor :STMicroelectronics FP-SNS-FLIGHT1 5.1.0
2026-03-04 20:12:54,883 [INFO] ThirdParty:1030 - CMSIS Pack Vendor :STMicroelectronics X-CUBE-AZRTOS-WL 2.0.0
2026-03-04 20:12:54,883 [INFO] ThirdParty:1030 - CMSIS Pack Vendor :STMicroelectronics X-CUBE-DPower 1.3.0
2026-03-04 20:12:54,883 [INFO] ThirdParty:1030 - CMSIS Pack Vendor :STMicroelectronics FP-SNS-MOTENV1 5.0.0
2026-03-04 20:12:54,883 [INFO] ThirdParty:1030 - CMSIS Pack Vendor :STMicroelectronics USB_DEVICE 1.0.0
2026-03-04 20:12:54,883 [INFO] ThirdParty:1030 - CMSIS Pack Vendor :STMicroelectronics X-CUBE-AZRTOS-H7RS 1.2.0
2026-03-04 20:12:54,883 [INFO] ThirdParty:1030 - CMSIS Pack Vendor :STMicroelectronics X-CUBE-AZRTOS-L4 2.0.0
2026-03-04 20:12:54,883 [INFO] ThirdParty:1030 - CMSIS Pack Vendor :STMicroelectronics ThreadX 0.0.2
2026-03-04 20:12:54,883 [INFO] ThirdParty:1030 - CMSIS Pack Vendor :STMicroelectronics lwIP 2.1.2
2026-03-04 20:12:54,883 [INFO] ThirdParty:1030 - CMSIS Pack Vendor :STMicroelectronics X-CUBE-SFXS2LP1 4.0.0
2026-03-04 20:12:54,883 [INFO] ThirdParty:1030 - CMSIS Pack Vendor :STMicroelectronics X-CUBE-BLE2 3.3.0
2026-03-04 20:12:54,883 [INFO] ThirdParty:1030 - CMSIS Pack Vendor :Avnet-IOTCONNECT X-CUBE-iotc-st67-sdk 1.0.0
2026-03-04 20:12:54,884 [INFO] ThirdParty:1030 - CMSIS Pack Vendor :STMicroelectronics PDM2PCM 3.2.0
2026-03-04 20:12:54,884 [INFO] ThirdParty:1030 - CMSIS Pack Vendor :STMicroelectronics X-CUBE-ST67W61 1.2.0
2026-03-04 20:12:54,884 [INFO] ThirdParty:1030 - CMSIS Pack Vendor :STMicroelectronics X-CUBE-NFC9 1.0.0
2026-03-04 20:12:54,884 [INFO] ThirdParty:1030 - CMSIS Pack Vendor :wolfSSL I-CUBE-wolfSSL 5.8.2
2026-03-04 20:12:54,884 [INFO] ThirdParty:1030 - CMSIS Pack Vendor :STMicroelectronics X-CUBE-BLE1 7.1.0
2026-03-04 20:12:54,884 [INFO] ThirdParty:1030 - CMSIS Pack Vendor :wolfSSL I-CUBE-wolfMQTT 1.19.2
2026-03-04 20:12:54,884 [INFO] ThirdParty:1030 - CMSIS Pack Vendor :STMicroelectronics USB_DEVICE 3.0.0
2026-03-04 20:12:54,884 [INFO] ThirdParty:1030 - CMSIS Pack Vendor :STMicroelectronics X-CUBE-FREERTOS 1.4.0
2026-03-04 20:12:54,884 [INFO] ThirdParty:1030 - CMSIS Pack Vendor :STMicroelectronics X-CUBE-EEPRMA1 5.2.0
2026-03-04 20:12:54,884 [INFO] ThirdParty:1030 - CMSIS Pack Vendor :STMicroelectronics X-CUBE-BLEMGR 4.1.0
2026-03-04 20:12:54,884 [INFO] ThirdParty:1030 - CMSIS Pack Vendor :STMicroelectronics X-CUBE-AZRTOS-WB 2.0.0
2026-03-04 20:12:54,884 [INFO] ThirdParty:1030 - CMSIS Pack Vendor :STMicroelectronics X-CUBE-GNSS1 7.0.1
2026-03-04 20:12:54,884 [INFO] ThirdParty:1030 - CMSIS Pack Vendor :STMicroelectronics X-CUBE-TOUCHGFX 4.25.0
2026-03-04 20:12:54,884 [INFO] ThirdParty:1030 - CMSIS Pack Vendor :STMicroelectronics X-CUBE-ST67W61 1.1.0
2026-03-04 20:12:54,884 [INFO] ThirdParty:1030 - CMSIS Pack Vendor :quantropi X-CUBE-qispace-sdk-base 2.1.0
2026-03-04 20:12:54,884 [INFO] ThirdParty:1030 - CMSIS Pack Vendor :STMicroelectronics X-CUBE-MEMS1 12.0.0
2026-03-04 20:12:54,884 [INFO] ThirdParty:1030 - CMSIS Pack Vendor :STMicroelectronics X-CUBE-STSE01 2.0.0
2026-03-04 20:12:54,884 [INFO] ThirdParty:1030 - CMSIS Pack Vendor :STMicroelectronics X-CUBE-AZRTOS-G0 1.1.0
2026-03-04 20:12:54,884 [INFO] ThirdParty:1030 - CMSIS Pack Vendor :STMicroelectronics X-CUBE-SAFEA1 1.2.2
2026-03-04 20:12:54,884 [INFO] ThirdParty:1030 - CMSIS Pack Vendor :STMicroelectronics X-CUBE-NFC4 3.0.0
2026-03-04 20:12:54,884 [INFO] ThirdParty:1030 - CMSIS Pack Vendor :STMicroelectronics X-CUBE-SUBG2 5.0.0
2026-03-04 20:12:54,885 [INFO] ThirdParty:1030 - CMSIS Pack Vendor :STMicroelectronics X-CUBE-AZRTOS-H7RS 1.1.0
2026-03-04 20:12:54,885 [INFO] ThirdParty:1030 - CMSIS Pack Vendor :STMicroelectronics STM32_WPAN 1.0.0
2026-03-04 20:12:54,885 [INFO] ThirdParty:1030 - CMSIS Pack Vendor :EmbeddedOffice I-CUBE-FS-RTOS 1.0.1
2026-03-04 20:12:54,885 [INFO] ThirdParty:1030 - CMSIS Pack Vendor :STMicroelectronics lwIP 2.0.3
2026-03-04 20:12:54,885 [INFO] ThirdParty:1030 - CMSIS Pack Vendor :Cesanta I-CUBE-Mongoose 7.13.0
2026-03-04 20:12:54,885 [INFO] ThirdParty:1030 - CMSIS Pack Vendor :STMicroelectronics USB_HOST 1.0.0
2026-03-04 20:12:54,885 [INFO] ThirdParty:1030 - CMSIS Pack Vendor :STMicroelectronics X-CUBE-AZRTOS-G4 2.0.0
2026-03-04 20:12:54,885 [INFO] ThirdParty:1030 - CMSIS Pack Vendor :STMicroelectronics X-CUBE-WB05N 2.0.0
2026-03-04 20:12:54,885 [INFO] ThirdParty:1030 - CMSIS Pack Vendor :STMicroelectronics PDM2PCM 3.1.0
2026-03-04 20:12:54,885 [INFO] ThirdParty:1030 - CMSIS Pack Vendor :wolfSSL I-CUBE-wolfTPM 3.8.0
2026-03-04 20:12:54,885 [INFO] ThirdParty:1030 - CMSIS Pack Vendor :wolfSSL I-CUBE-wolfSSH 1.4.20
2026-03-04 20:12:54,885 [INFO] ThirdParty:1030 - CMSIS Pack Vendor :STMicroelectronics X-CUBE-NFC7 2.0.0
2026-03-04 20:12:54,885 [INFO] ThirdParty:1030 - CMSIS Pack Vendor :STMicroelectronics X-CUBE-TCPP 4.2.0
2026-03-04 20:12:54,885 [INFO] ThirdParty:1030 - CMSIS Pack Vendor :RealThread X-CUBE-RT-Thread_Nano 4.1.1
2026-03-04 20:12:54,885 [INFO] ThirdParty:1030 - CMSIS Pack Vendor :STMicroelectronics FP-ATR-SIGFOX1 3.2.0
2026-03-04 20:12:54,885 [INFO] ThirdParty:1030 - CMSIS Pack Vendor :STMicroelectronics X-CUBE-FREERTOS 1.5.0
2026-03-04 20:12:54,885 [INFO] ThirdParty:1030 - CMSIS Pack Vendor :STMicroelectronics MBEDTLS 2.16.2
2026-03-04 20:12:54,885 [INFO] ThirdParty:1030 - CMSIS Pack Vendor :STMicroelectronics X-CUBE-IPS 3.1.0
2026-03-04 20:12:54,885 [INFO] ThirdParty:1030 - CMSIS Pack Vendor :STMicroelectronics X-CUBE-ALS 1.0.2
2026-03-04 20:12:54,885 [INFO] ThirdParty:1030 - CMSIS Pack Vendor :ITTIA_DB I-CUBE-ITTIADB 8.9.0
2026-03-04 20:12:54,885 [INFO] ThirdParty:1030 - CMSIS Pack Vendor :STMicroelectronics X-CUBE-STSE01 1.0.0
2026-03-04 20:12:54,885 [INFO] ThirdParty:1030 - CMSIS Pack Vendor :portGmbH I-Cube-SoM-uGOAL 1.1.0
2026-03-04 20:12:54,885 [INFO] ThirdParty:1030 - CMSIS Pack Vendor :STMicroelectronics X-CUBE-NFC6 3.2.0
2026-03-04 20:12:54,885 [INFO] ThirdParty:1030 - CMSIS Pack Vendor :STMicroelectronics X-CUBE-ST67W61 1.0.0
2026-03-04 20:12:54,885 [INFO] ThirdParty:1030 - CMSIS Pack Vendor :STMicroelectronics X-CUBE-AI 10.2.0
2026-03-04 20:12:54,886 [INFO] ThirdParty:1030 - CMSIS Pack Vendor :STMicroelectronics ThreadX 1.0.0
2026-03-04 20:12:54,886 [INFO] ThirdParty:1030 - CMSIS Pack Vendor :SEGGER I-CUBE-embOS 1.3.1
2026-03-04 20:12:54,886 [INFO] ThirdParty:1030 - CMSIS Pack Vendor :STMicroelectronics X-CUBE-ALGOBUILD 1.4.0
2026-03-04 20:12:54,886 [INFO] ThirdParty:1030 - CMSIS Pack Vendor :STMicroelectronics X-CUBE-MEMS1 11.3.0
2026-03-04 20:12:54,886 [INFO] ThirdParty:1030 - CMSIS Pack Vendor :STMicroelectronics X-CUBE-TOF1 3.4.3
2026-03-04 20:12:54,886 [INFO] ThirdParty:841 - exiting critical section [change project]
2026-03-04 20:12:55,114 [INFO] PinOutPanel:1589 - setPackage(No Configuration,No Configuration)
2026-03-04 20:12:55,115 [INFO] PinOutPanel:1589 - setPackage(STM32F103RBTx,LQFP64)
2026-03-04 20:12:55,391 [INFO] UtilMem:75 - Before build in PCC Used Memory: 275790656 Bytes (796917760)
2026-03-04 20:12:55,602 [INFO] UtilMem:75 - After build in PCC Used Memory: 318782272 Bytes (796917760)
2026-03-04 20:12:55,620 [INFO] IPUIPlugin:80 - create IPUIPlugin
2026-03-04 20:12:55,621 [INFO] IPUIPlugin:80 - create IPUIPlugin
2026-03-04 20:12:55,621 [INFO] IPUIPlugin:80 - create IPUIPlugin
2026-03-04 20:12:55,621 [INFO] IPUIPlugin:80 - create IPUIPlugin
2026-03-04 20:12:55,621 [INFO] IPUIPlugin:80 - create IPUIPlugin
2026-03-04 20:12:55,621 [INFO] IPUIPlugin:80 - create IPUIPlugin
2026-03-04 20:12:55,621 [INFO] IPUIPlugin:80 - create IPUIPlugin
2026-03-04 20:12:55,621 [INFO] IPUIPlugin:80 - create IPUIPlugin
2026-03-04 20:12:55,622 [INFO] IPUIPlugin:80 - create IPUIPlugin
2026-03-04 20:12:55,622 [INFO] IPUIPlugin:80 - create IPUIPlugin
2026-03-04 20:12:55,622 [INFO] IPUIPlugin:80 - create IPUIPlugin
2026-03-04 20:12:55,622 [INFO] IPUIPlugin:80 - create IPUIPlugin
2026-03-04 20:12:55,622 [INFO] IPUIPlugin:80 - create IPUIPlugin
2026-03-04 20:12:55,622 [INFO] IPUIPlugin:80 - create IPUIPlugin
2026-03-04 20:12:55,622 [INFO] IPUIPlugin:80 - create IPUIPlugin
2026-03-04 20:12:55,622 [INFO] IPUIPlugin:80 - create IPUIPlugin
2026-03-04 20:12:55,622 [INFO] IPUIPlugin:80 - create IPUIPlugin
2026-03-04 20:12:55,623 [INFO] IPUIPlugin:80 - create IPUIPlugin
2026-03-04 20:12:55,623 [INFO] IPUIPlugin:80 - create IPUIPlugin
2026-03-04 20:12:55,623 [INFO] IPUIPlugin:80 - create IPUIPlugin
2026-03-04 20:12:55,623 [INFO] IPUIPlugin:80 - create IPUIPlugin
2026-03-04 20:12:55,623 [INFO] IPUIPlugin:80 - create IPUIPlugin
2026-03-04 20:12:55,623 [INFO] IPUIPlugin:80 - create IPUIPlugin
2026-03-04 20:12:55,623 [INFO] IPUIPlugin:80 - create IPUIPlugin
2026-03-04 20:12:55,623 [INFO] IPUIPlugin:80 - create IPUIPlugin
2026-03-04 20:12:55,623 [INFO] IPUIPlugin:80 - create IPUIPlugin
2026-03-04 20:12:55,624 [INFO] IPUIPlugin:80 - create IPUIPlugin
2026-03-04 20:12:55,669 [INFO] CADModel:165 - CPN selected for project levelSTM32F103RBT6
2026-03-04 20:12:55,669 [INFO] CADModel:114 - Register for checkConnection events
2026-03-04 20:12:55,708 [INFO] OpenFileManager:386 - Restore cursor
2026-03-04 20:13:07,678 [INFO] Gpio:278 - dependency for GPIO [RCC, SYS, USART2]
2026-03-04 20:14:36,993 [ERROR] AdobePublisher:162 - Exception while opening the connection: java.net.ConnectException: Connection refused
2026-03-04 20:14:36,993 [ERROR] AdobePublisher:162 - Exception while opening the connection: java.net.ConnectException: Connection refused
2026-03-04 20:14:36,994 [ERROR] AdobePublisher:162 - Exception while opening the connection: java.net.ConnectException: Connection refused
2026-03-04 20:14:36,994 [ERROR] AdobePublisher:162 - Exception while opening the connection: java.net.ConnectException: Connection refused
2026-03-04 20:14:36,994 [ERROR] AdobePublisher:162 - Exception while opening the connection: java.net.ConnectException: Connection refused
2026-03-04 20:14:37,001 [ERROR] AdobePublisher:162 - Exception while opening the connection: java.net.ConnectException: Connection refused
2026-03-04 20:14:37,001 [ERROR] AdobePublisher:162 - Exception while opening the connection: java.net.ConnectException: Connection refused
2026-03-04 20:14:37,001 [ERROR] AdobePublisher:162 - Exception while opening the connection: java.net.ConnectException: Connection refused
2026-03-04 20:14:37,002 [ERROR] AdobePublisher:162 - Exception while opening the connection: java.net.ConnectException: Connection refused
2026-03-04 20:14:37,002 [ERROR] AdobePublisher:162 - Exception while opening the connection: java.net.ConnectException: Connection refused
2026-03-04 20:14:37,463 [ERROR] LogOutputStream:75 - [STDERR_REDIRECT] 
